station_name,timestamp,pv_voltage_V,pv_current_A,pv_power_W,battery_voltage_V,battery_current_A,battery_soc_%,controller_temp_C,charging_status,load_current_A,load_power_W,energy_generated_today_kWh,energy_consumed_today_kWh,battery_voltage_max_today_V,battery_voltage_min_today_V,energy_total_generated_kWh,load_voltage_V
Consaca,2026-06-15 07:20:47,14.33,0.47,686.0,12.95,0.54,67.0,23.21,11.0,0.38,375.0,0.11,0.16,14.93,12.67,52.85,12.95
Consaca,2026-06-15 07:32:25,14.49,0.74,1096.0,13.05,0.85,71.0,23.25,11.0,0.38,469.0,0.11,0.17,14.93,12.67,52.85,13.05
Consaca,2026-06-15 07:44:04,14.56,0.58,827.0,13.13,0.62,74.0,23.26,11.0,0.43,512.0,0.11,0.17,14.93,12.67,52.85,13.13
Consaca,2026-06-15 07:55:54,14.36,1.36,1969.0,13.22,1.46,77.0,23.28,11.0,0.41,475.0,0.11,0.17,14.93,12.67,52.85,13.22
Consaca,2026-06-15 08:07:33,33.41,1.01,3271.0,13.52,2.35,88.0,23.28,11.0,0.41,513.0,0.12,0.17,14.93,12.67,52.86,13.53
Consaca,2026-06-15 08:19:15,30.48,0.91,2808.0,13.5,2.1,85.0,23.58,11.0,0.35,537.0,0.13,0.17,14.93,12.67,52.87,13.44
Consaca,2026-06-15 08:31:01,30.86,0.85,2609.0,13.45,1.93,86.0,23.71,11.0,0.4,525.0,0.13,0.17,14.93,12.67,52.87,13.44
Consaca,2026-06-15 08:42:55,31.61,0.92,2925.0,13.5,2.17,88.0,23.8,11.0,0.43,512.0,0.14,0.17,14.93,12.67,52.88,13.5
Consaca,2026-06-15 08:54:35,31.6,0.87,2730.0,13.45,2.03,86.0,23.78,11.0,0.4,551.0,0.15,0.17,14.93,12.67,52.89,13.45
Consaca,2026-06-15 09:06:08,32.36,1.69,5491.0,13.65,3.97,94.0,24.04,11.0,0.37,574.0,0.16,0.17,15.27,12.67,52.9,13.67
Consaca,2026-06-15 09:18:06,34.55,3.0,10575.0,14.38,7.52,100.0,24.22,11.0,0.34,580.0,0.17,0.17,15.75,12.67,52.91,14.48
Consaca,2026-06-15 09:29:53,37.94,1.93,7296.0,14.27,5.1,100.0,24.39,11.0,0.31,598.0,0.18,0.18,15.75,12.67,52.92,14.27
Consaca,2026-06-15 09:41:35,24.73,2.1,5147.0,13.95,3.73,100.0,24.4,11.0,0.4,460.0,0.19,0.18,16.14,12.67,52.93,13.96
Consaca,2026-06-15 09:53:14,39.7,1.4,5562.0,14.41,3.82,100.0,24.44,11.0,0.37,546.0,0.2,0.18,16.14,12.67,52.94,14.39
Consaca,2026-06-15 10:05:02,39.05,1.22,4784.0,14.45,3.31,100.0,24.44,11.0,0.37,475.0,0.21,0.18,16.14,12.67,52.95,14.44
Consaca,2026-06-15 10:16:40,38.26,1.07,4210.0,14.41,2.87,100.0,24.5,11.0,0.4,504.0,0.22,0.18,16.14,12.67,52.96,14.41
Consaca,2026-06-15 10:28:20,35.31,1.02,3645.0,14.41,2.51,100.0,24.68,11.0,0.38,633.0,0.23,0.18,16.14,12.67,52.97,14.42
Consaca,2026-06-15 10:40:08,36.3,0.9,3292.0,14.44,2.26,100.0,25.01,11.0,0.36,620.0,0.24,0.18,16.14,12.67,52.98,14.44
Consaca,2026-06-15 10:51:57,42.07,0.68,2865.0,14.39,1.98,100.0,25.22,11.0,0.32,589.0,0.24,0.18,16.14,12.67,52.98,14.39
Consaca,2026-06-15 11:03:47,37.91,0.77,2915.0,14.36,1.93,100.0,25.41,11.0,0.38,572.0,0.0,0.0,14.46,14.19,52.99,14.33
Consaca,2026-06-15 11:15:26,37.05,0.64,2393.0,14.42,1.66,100.0,25.56,11.0,0.39,561.0,0.0,0.0,14.86,14.0,52.99,14.43
Consaca,2026-06-15 11:27:08,38.48,0.38,1495.0,13.72,1.08,97.0,25.66,7.0,0.39,548.0,0.0,0.01,14.86,13.67,52.99,13.73
Consaca,2026-06-15 11:38:50,40.52,0.24,883.0,13.81,0.66,99.0,25.78,7.0,0.34,564.0,0.01,0.01,14.86,13.62,53.0,13.76
Consaca,2026-06-15 11:50:33,40.54,0.22,963.0,13.93,0.71,100.0,25.93,7.0,0.36,524.0,0.01,0.01,14.86,13.62,53.0,13.81
Consaca,2026-06-15 12:02:17,40.1,0.39,1561.0,13.82,1.1,100.0,26.1,7.0,0.39,553.0,0.01,0.01,14.86,13.62,53.0,13.83
Consaca,2026-06-15 12:14:08,37.76,0.21,861.0,13.67,0.62,95.0,26.27,7.0,0.44,464.0,0.02,0.01,14.86,13.62,53.01,13.67
Consaca,2026-06-15 12:25:52,36.19,0.4,1423.0,13.85,1.03,100.0,26.47,7.0,0.34,512.0,0.02,0.01,14.86,13.62,53.01,13.85
Consaca,2026-06-15 12:37:37,38.33,0.32,1273.0,13.69,0.86,96.0,26.68,7.0,0.33,574.0,0.02,0.01,14.86,13.62,53.01,13.69
Consaca,2026-06-15 12:49:19,38.53,0.28,1138.0,13.72,0.8,98.0,26.91,7.0,0.42,452.0,0.02,0.01,14.86,13.62,53.01,13.74
Consaca,2026-06-15 13:01:03,35.88,0.29,1097.0,13.69,0.76,98.0,27.11,7.0,0.4,492.0,0.03,0.01,14.86,13.62,53.02,13.71
Consaca,2026-06-15 13:13:02,40.66,0.23,1000.0,13.7,0.71,97.0,27.29,7.0,0.39,424.0,0.03,0.01,14.86,13.62,53.02,13.7
Consaca,2026-06-15 13:24:55,40.55,0.2,821.0,13.69,0.6,97.0,27.43,7.0,0.36,533.0,0.03,0.02,14.86,13.62,53.02,13.69
Consaca,2026-06-15 13:36:35,39.07,0.32,1271.0,13.8,0.85,100.0,27.56,7.0,0.4,567.0,0.03,0.02,14.86,13.62,53.02,13.81
Consaca,2026-06-15 13:48:18,36.54,0.27,1018.0,13.76,0.71,100.0,27.69,7.0,0.4,551.0,0.03,0.02,14.86,13.62,53.02,13.78
Consaca,2026-06-15 14:11:54,38.6,0.24,889.0,13.69,0.65,97.0,27.86,7.0,0.43,615.0,0.04,0.02,14.86,13.62,53.03,13.67
Consaca,2026-06-15 14:23:28,38.07,0.24,939.0,13.79,0.69,100.0,27.93,7.0,0.42,552.0,0.04,0.02,14.86,13.62,53.03,13.8
Consaca,2026-06-15 14:35:06,39.0,0.23,879.0,13.74,0.65,99.0,28.01,7.0,0.37,563.0,0.04,0.02,14.86,13.62,53.03,13.74
Consaca,2026-06-15 14:46:47,38.26,0.22,862.0,13.69,0.66,98.0,28.05,7.0,0.33,602.0,0.04,0.02,14.86,13.62,53.03,13.69
Consaca,2026-06-15 14:58:27,37.06,0.22,838.0,13.74,0.63,99.0,28.09,7.0,0.42,577.0,0.04,0.02,14.86,13.62,53.03,13.74
Consaca,2026-06-15 15:10:02,37.81,0.24,870.0,13.82,0.65,100.0,28.14,7.0,0.42,607.0,0.05,0.02,14.86,13.62,53.04,13.82
Consaca,2026-06-15 15:21:55,37.4,0.21,796.0,13.73,0.58,99.0,28.17,7.0,0.39,590.0,0.05,0.03,14.86,13.62,53.04,13.73
Consaca,2026-06-15 15:33:32,36.59,0.22,766.0,13.69,0.56,96.0,28.19,7.0,0.38,465.0,0.05,0.03,14.86,13.62,53.04,13.69
Consaca,2026-06-15 15:45:18,37.67,0.22,838.0,13.74,0.6,99.0,28.22,7.0,0.34,467.0,0.05,0.03,14.86,13.62,53.04,13.74
Consaca,2026-06-15 15:56:59,37.37,0.2,782.0,13.73,0.6,99.0,28.22,7.0,0.43,575.0,0.05,0.03,14.86,13.62,53.04,13.71
Consaca,2026-06-15 16:08:43,36.85,0.21,822.0,13.71,0.58,98.0,28.22,7.0,0.42,575.0,0.05,0.03,14.86,13.62,53.04,13.7
Consaca,2026-06-15 16:20:33,36.85,0.21,767.0,13.7,0.6,98.0,28.23,7.0,0.37,576.0,0.06,0.03,14.86,13.62,53.05,13.72
Consaca,2026-06-15 16:32:17,37.2,0.21,811.0,13.77,0.58,100.0,28.2,7.0,0.42,564.0,0.06,0.03,14.86,13.62,53.05,13.74
Consaca,2026-06-15 16:43:59,36.94,0.21,770.0,13.75,0.57,100.0,28.2,7.0,0.33,522.0,0.06,0.03,14.86,13.62,53.05,13.75
Consaca,2026-06-15 16:55:44,36.19,0.2,767.0,13.71,0.55,98.0,28.14,7.0,0.36,535.0,0.06,0.03,14.86,13.62,53.05,13.74
Consaca,2026-06-15 17:07:26,36.14,0.21,717.0,13.8,0.53,100.0,28.18,7.0,0.41,538.0,0.06,0.03,14.86,13.62,53.05,13.8
Consaca,2026-06-15 17:19:03,30.46,0.22,737.0,13.66,0.51,96.0,28.13,7.0,0.38,505.0,0.06,0.04,14.86,13.62,53.05,13.66
Consaca,2026-06-15 17:30:58,14.61,0.13,173.0,13.31,0.11,82.0,28.04,7.0,0.41,598.0,0.06,0.04,14.86,13.29,53.05,13.31
Consaca,2026-06-15 17:42:41,14.33,0.0,0.0,13.13,0.02,76.0,27.9,7.0,0.37,472.0,0.06,0.04,14.86,13.1,53.05,13.13
Consaca,2026-06-15 17:54:17,14.25,0.0,0.0,13.08,0.0,74.0,27.71,11.0,0.38,536.0,0.06,0.04,14.86,13.04,53.05,13.06
Consaca,2026-06-15 18:06:01,16.07,0.0,0.0,13.03,0.0,72.0,27.66,11.0,0.41,561.0,0.06,0.04,14.86,13.02,53.05,13.05
Consaca,2026-06-15 18:17:53,12.87,0.0,0.0,13.03,0.0,72.0,27.52,1.0,0.42,625.0,0.06,0.04,14.86,13.01,53.05,13.03
Consaca,2026-06-15 18:29:32,2.73,0.0,0.0,13.03,0.0,72.0,27.37,1.0,0.38,495.0,0.06,0.04,14.86,13.0,53.05,13.03
Consaca,2026-06-15 18:41:26,0.07,0.0,0.0,12.96,0.0,69.0,27.26,1.0,0.78,1127.0,0.06,0.04,14.86,12.93,53.05,12.96
Consaca,2026-06-15 18:53:03,0.0,0.0,0.0,12.93,0.0,68.0,27.17,1.0,0.8,995.0,0.06,0.05,14.86,12.93,53.05,12.93
Consaca,2026-06-15 19:18:13,0.0,0.0,0.0,12.95,0.0,69.0,27.01,1.0,0.79,1061.0,0.06,0.05,14.86,12.93,53.05,12.95
Consaca,2026-06-15 19:30:13,0.0,0.0,0.0,12.95,0.0,69.0,26.94,1.0,0.86,984.0,0.06,0.05,14.86,12.93,53.05,12.95
Consaca,2026-06-15 19:41:55,0.0,0.0,0.0,12.95,0.0,69.0,26.85,1.0,0.76,1113.0,0.06,0.05,14.86,12.93,53.05,12.95
Consaca,2026-06-15 19:53:31,0.0,0.0,0.0,12.93,0.0,68.0,26.79,1.0,0.83,1008.0,0.06,0.06,14.86,12.92,53.05,12.93
Consaca,2026-06-15 20:05:09,0.0,0.0,0.0,12.93,0.0,68.0,26.68,1.0,0.85,1008.0,0.06,0.06,14.86,12.92,53.05,12.93
Consaca,2026-06-15 20:16:47,0.0,0.0,0.0,12.93,0.0,68.0,26.6,1.0,0.77,995.0,0.06,0.06,14.86,12.92,53.05,12.93
Consaca,2026-06-15 20:28:37,0.0,0.0,0.0,12.93,0.0,68.0,26.51,1.0,0.77,1099.0,0.06,0.06,14.86,12.92,53.05,12.93
Consaca,2026-06-15 20:40:24,0.0,0.0,0.0,12.93,0.0,68.0,26.43,1.0,0.82,982.0,0.06,0.06,14.86,12.92,53.05,12.93
Consaca,2026-06-15 20:52:04,0.0,0.0,0.0,12.93,0.0,68.0,26.35,1.0,0.85,1060.0,0.06,0.07,14.86,12.92,53.05,12.93
Consaca,2026-06-15 21:03:57,0.0,0.0,0.0,12.93,0.0,68.0,26.27,1.0,0.76,1111.0,0.06,0.07,14.86,12.9,53.05,12.93
Consaca,2026-06-15 21:15:43,0.0,0.0,0.0,12.92,0.0,67.0,26.19,1.0,0.87,1059.0,0.06,0.07,14.86,12.9,53.05,12.92
Consaca,2026-06-15 21:27:23,0.0,0.0,0.0,12.92,0.0,67.0,26.12,1.0,0.84,1059.0,0.06,0.07,14.86,12.9,53.05,12.92
Consaca,2026-06-15 21:39:07,0.0,0.0,0.0,12.91,0.0,67.0,26.03,1.0,0.85,1110.0,0.06,0.07,14.86,12.89,53.05,12.91
Consaca,2026-06-15 21:50:59,0.0,0.0,0.0,12.91,0.0,67.0,25.96,1.0,0.83,1058.0,0.06,0.08,14.86,12.89,53.05,12.91
Consaca,2026-06-15 22:02:45,0.0,0.0,0.0,12.91,0.0,67.0,25.87,1.0,0.81,1095.0,0.06,0.08,14.86,12.88,53.05,12.89
Consaca,2026-06-15 22:14:21,0.0,0.0,0.0,12.9,0.0,66.0,25.83,1.0,0.83,1083.0,0.06,0.08,14.86,12.88,53.05,12.9
Consaca,2026-06-15 22:26:02,0.0,0.0,0.0,12.9,0.0,66.0,25.73,1.0,0.84,993.0,0.06,0.08,14.86,12.88,53.05,12.9
Consaca,2026-06-15 22:37:42,0.0,0.0,0.0,12.9,0.0,66.0,25.66,1.0,0.86,1044.0,0.06,0.08,14.86,12.87,53.05,12.9
Consaca,2026-06-15 22:49:18,0.0,0.0,0.0,12.9,0.0,66.0,25.58,1.0,0.81,1122.0,0.06,0.09,14.86,12.87,53.05,12.9
Consaca,2026-06-15 23:01:04,0.0,0.0,0.0,12.89,0.0,66.0,25.51,1.0,0.76,1044.0,0.06,0.09,14.86,12.87,53.05,12.89
Consaca,2026-06-15 23:12:47,0.0,0.0,0.0,12.89,0.0,66.0,25.44,1.0,0.82,1172.0,0.06,0.09,14.86,12.86,53.05,12.89
Consaca,2026-06-15 23:24:27,0.0,0.0,0.0,12.88,0.0,65.0,25.38,1.0,0.8,1004.0,0.06,0.09,14.86,12.86,53.05,12.88
Consaca,2026-06-15 23:36:02,0.0,0.0,0.0,12.88,0.0,65.0,25.31,1.0,0.84,1107.0,0.06,0.09,14.86,12.85,53.05,12.88
Consaca,2026-06-15 23:47:40,0.0,0.0,0.0,12.88,0.0,65.0,25.25,1.0,0.82,1030.0,0.06,0.1,14.86,12.85,53.05,12.88
Consaca,2026-06-15 23:59:14,0.0,0.0,0.0,12.87,0.0,65.0,25.17,1.0,0.78,1068.0,0.06,0.1,14.86,12.84,53.05,12.87
Consaca,2026-06-16 00:11:17,0.0,0.0,0.0,12.87,0.0,65.0,25.1,1.0,0.86,939.0,0.06,0.1,14.86,12.84,53.05,12.87
Consaca,2026-06-16 00:22:52,0.0,0.0,0.0,12.86,0.0,65.0,25.04,1.0,0.81,1028.0,0.06,0.1,14.86,12.84,53.05,12.86
Consaca,2026-06-16 00:34:45,0.0,0.0,0.0,12.86,0.0,65.0,24.96,1.0,0.79,1028.0,0.06,0.1,14.86,12.83,53.05,12.86
Consaca,2026-06-16 00:46:26,0.0,0.0,0.0,12.85,0.0,64.0,24.89,1.0,0.84,938.0,0.06,0.11,14.86,12.83,53.05,12.85
Consaca,2026-06-16 00:57:59,0.0,0.0,0.0,12.85,0.0,64.0,24.85,1.0,0.78,1066.0,0.06,0.11,14.86,12.83,53.05,12.85
Consaca,2026-06-16 01:09:43,0.0,0.0,0.0,12.84,0.0,64.0,24.77,1.0,0.85,1129.0,0.06,0.11,14.86,12.82,53.05,12.84
Consaca,2026-06-16 01:21:32,0.0,0.0,0.0,12.84,0.0,64.0,24.7,1.0,0.81,975.0,0.06,0.11,14.86,12.82,53.05,12.84
Consaca,2026-06-16 01:33:09,0.0,0.0,0.0,12.84,0.0,64.0,24.64,1.0,0.85,1001.0,0.06,0.11,14.86,12.81,53.05,12.84
Consaca,2026-06-16 01:44:47,0.0,0.0,0.0,12.83,0.0,64.0,24.56,1.0,0.78,1090.0,0.06,0.12,14.86,12.81,53.05,12.83
Consaca,2026-06-16 01:56:30,0.0,0.0,0.0,12.83,0.0,64.0,24.5,1.0,0.79,1026.0,0.06,0.12,14.86,12.8,53.05,12.83
Consaca,2026-06-16 02:08:08,0.0,0.0,0.0,12.82,0.0,63.0,24.45,1.0,0.74,1115.0,0.06,0.12,14.86,12.8,53.05,12.82
Consaca,2026-06-16 02:19:55,0.0,0.0,0.0,12.82,0.0,63.0,24.37,1.0,0.87,999.0,0.06,0.12,14.86,12.8,53.05,12.82
Consaca,2026-06-16 02:31:42,0.0,0.0,0.0,12.8,0.0,62.0,24.31,1.0,0.85,1011.0,0.06,0.12,14.86,12.8,53.05,12.8
Consaca,2026-06-16 02:43:19,0.0,0.0,0.0,12.8,0.0,62.0,24.24,1.0,0.89,1024.0,0.06,0.13,14.86,12.8,53.05,12.8
Consaca,2026-06-16 02:55:03,0.0,0.0,0.0,12.8,0.0,62.0,24.18,1.0,0.82,1126.0,0.06,0.13,14.86,12.8,53.05,12.8
Consaca,2026-06-16 03:06:46,0.0,0.0,0.0,12.79,0.0,62.0,24.12,1.0,0.86,1099.0,0.06,0.13,14.86,12.77,53.05,12.79
Consaca,2026-06-16 03:18:23,0.0,0.0,0.0,12.79,0.0,62.0,24.07,1.0,0.76,1074.0,0.06,0.13,14.86,12.77,53.05,12.79
Consaca,2026-06-16 03:29:59,0.0,0.0,0.0,12.78,0.0,61.0,24.0,1.0,0.74,1060.0,0.06,0.13,14.86,12.76,53.05,12.78
Consaca,2026-06-16 03:41:51,0.0,0.0,0.0,12.77,0.0,61.0,23.94,1.0,0.77,996.0,0.06,0.14,14.86,12.75,53.05,12.77
Consaca,2026-06-16 03:53:30,0.0,0.0,0.0,12.77,0.0,61.0,23.87,1.0,0.88,1059.0,0.06,0.14,14.86,12.75,53.05,12.77
Consaca,2026-06-16 04:05:05,0.0,0.0,0.0,12.75,0.0,60.0,23.82,1.0,0.87,1058.0,0.06,0.14,14.86,12.74,53.05,12.75
Consaca,2026-06-16 04:16:49,0.0,0.0,0.0,12.74,0.0,60.0,23.75,1.0,0.86,1121.0,0.06,0.14,14.86,12.73,53.05,12.74
Consaca,2026-06-16 04:28:25,0.0,0.0,0.0,12.75,0.0,60.0,23.71,1.0,0.79,1032.0,0.06,0.14,14.86,12.73,53.05,12.75
Consaca,2026-06-16 04:40:08,0.0,0.0,0.0,12.74,0.0,60.0,23.65,1.0,0.81,1006.0,0.06,0.15,14.86,12.72,53.05,12.74
Consaca,2026-06-16 04:51:55,0.0,0.0,0.0,12.74,0.0,60.0,23.59,1.0,0.79,993.0,0.06,0.15,14.86,12.71,53.05,12.74
Consaca,2026-06-16 05:03:29,0.0,0.0,0.0,12.73,0.0,60.0,23.52,1.0,0.87,992.0,0.06,0.15,14.86,12.71,53.05,12.73
Consaca,2026-06-16 05:15:07,0.0,0.0,0.0,12.72,0.0,59.0,23.47,1.0,0.84,1170.0,0.06,0.15,14.86,12.7,53.05,12.72
Consaca,2026-06-16 05:26:53,0.0,0.0,0.0,12.71,0.0,59.0,23.42,1.0,0.82,1054.0,0.06,0.15,14.86,12.69,53.05,12.71
Consaca,2026-06-16 05:38:32,0.13,0.0,0.0,12.71,0.0,59.0,23.35,1.0,0.82,1042.0,0.06,0.16,14.86,12.69,53.05,12.71
Consaca,2026-06-16 05:50:10,3.02,0.0,0.0,12.7,0.0,58.0,23.29,1.0,0.91,1181.0,0.06,0.16,14.86,12.68,53.05,12.7
Consaca,2026-06-16 06:02:10,11.06,0.0,0.0,12.75,0.0,60.0,23.24,1.0,0.36,535.0,0.06,0.16,14.86,12.68,53.05,12.75
Consaca,2026-06-16 06:14:27,13.18,0.0,0.0,12.75,0.0,60.0,23.16,11.0,0.39,548.0,0.06,0.16,14.86,12.68,53.05,12.75
Consaca,2026-06-16 06:26:05,13.93,0.0,25.0,12.76,0.03,60.0,23.15,11.0,0.4,523.0,0.06,0.16,14.86,12.68,53.05,12.76
Consaca,2026-06-16 06:38:05,14.01,0.08,166.0,12.78,0.1,61.0,23.15,11.0,0.4,523.0,0.06,0.16,14.86,12.68,53.05,12.78
Consaca,2026-06-16 06:49:50,14.02,0.05,102.0,12.78,0.09,61.0,23.15,11.0,0.45,523.0,0.06,0.16,14.86,12.68,53.05,12.78
Consaca,2026-06-16 07:01:41,14.13,0.21,320.0,12.8,0.24,62.0,23.14,11.0,0.42,422.0,0.07,0.16,14.86,12.68,53.06,12.8
Consaca,2026-06-16 07:13:24,14.19,0.31,475.0,12.84,0.37,63.0,23.15,11.0,0.46,513.0,0.07,0.16,14.86,12.68,53.06,12.84
Consaca,2026-06-16 07:25:05,14.43,0.85,1222.0,13.0,0.95,69.0,23.21,11.0,0.42,429.0,0.07,0.16,14.86,12.68,53.06,13.0
Consaca,2026-06-16 07:36:52,14.04,1.14,1632.0,13.27,1.22,78.0,23.23,11.0,0.41,490.0,0.07,0.17,14.86,12.68,53.06,13.27
Consaca,2026-06-16 07:48:30,14.07,0.97,1341.0,13.28,1.03,79.0,23.19,11.0,0.38,491.0,0.07,0.17,14.86,12.68,53.06,13.28
Consaca,2026-06-16 08:00:08,14.66,0.57,820.0,13.23,0.65,78.0,23.11,11.0,,,,,14.86,12.68,53.07,13.21
Consaca,2026-06-16 08:12:38,14.72,0.75,1113.0,13.26,0.82,79.0,23.3,11.0,0.35,516.0,0.08,0.17,14.86,12.68,53.07,13.26
Consaca,2026-06-16 08:24:14,33.18,0.85,2880.0,13.46,2.13,88.0,23.42,11.0,0.41,524.0,0.08,0.17,14.86,12.68,53.07,13.45
Consaca,2026-06-16 08:36:07,31.54,1.31,4181.0,13.62,3.08,92.0,23.74,11.0,0.35,517.0,0.09,0.17,14.86,12.68,53.08,13.61
Consaca,2026-06-16 08:47:52,31.08,0.85,2617.0,13.49,1.95,88.0,23.9,11.0,0.4,580.0,0.1,0.17,14.86,12.68,53.09,13.49
Consaca,2026-06-16 08:59:31,32.17,1.06,3463.0,13.53,2.57,90.0,23.76,11.0,0.42,541.0,0.11,0.17,14.86,12.68,53.1,13.55
Consaca,2026-06-16 09:11:52,31.99,1.09,3487.0,13.6,2.56,90.0,23.75,11.0,0.45,557.0,0.11,0.17,14.86,12.68,53.1,13.59
Consaca,2026-06-16 09:23:48,40.96,2.24,9191.0,14.43,6.33,100.0,24.0,11.0,0.42,519.0,0.12,0.17,16.0,12.68,53.11,14.43
Consaca,2026-06-16 09:35:30,24.92,1.88,4663.0,13.88,3.39,100.0,24.46,11.0,0.4,499.0,0.14,0.18,16.0,12.68,53.13,13.85
Consaca,2026-06-16 09:47:14,36.38,1.74,6307.0,14.48,4.37,100.0,24.5,11.0,0.37,492.0,0.15,0.18,16.0,12.68,53.14,14.49
Consaca,2026-06-16 09:58:50,34.38,1.05,3602.0,13.9,2.72,100.0,24.64,11.0,0.43,542.0,0.16,0.18,16.0,12.68,53.15,13.9
Consaca,2026-06-16 10:11:23,36.52,1.21,4458.0,14.41,3.06,100.0,24.94,11.0,0.41,491.0,0.17,0.18,16.0,12.68,53.16,14.42
Consaca,2026-06-16 10:23:04,38.45,1.02,3897.0,14.33,2.73,100.0,25.11,11.0,0.38,573.0,0.18,0.18,16.0,12.68,53.17,14.33
Consaca,2026-06-16 10:34:48,36.56,0.94,3477.0,14.37,2.38,100.0,25.24,11.0,0.4,517.0,0.19,0.18,16.0,12.68,53.18,14.37
Consaca,2026-06-16 10:46:29,38.23,0.83,3220.0,14.44,2.21,100.0,25.33,11.0,0.35,563.0,0.19,0.18,16.0,12.68,53.18,14.44
Consaca,2026-06-16 10:58:11,40.22,0.63,2646.0,14.46,1.86,100.0,25.41,11.0,0.36,390.0,0.2,0.18,16.0,12.68,53.19,14.44
Consaca,2026-06-16 11:09:49,38.49,0.65,2539.0,14.43,1.74,100.0,25.51,11.0,0.4,490.0,0.0,0.0,14.51,14.29,53.19,14.47
Consaca,2026-06-16 11:21:46,38.93,0.47,1822.0,13.84,1.36,100.0,25.59,7.0,0.35,593.0,0.01,0.01,14.51,13.66,53.2,13.81
Consaca,2026-06-16 11:33:28,40.41,0.4,1741.0,13.71,1.41,98.0,25.63,7.0,0.37,632.0,0.01,0.01,14.51,13.66,53.2,13.72
Consaca,2026-06-16 11:45:18,38.64,0.44,1674.0,13.84,1.23,100.0,25.68,7.0,0.39,512.0,0.02,0.01,14.51,13.65,53.21,13.84
Consaca,2026-06-16 11:57:09,38.89,0.4,1546.0,13.81,1.1,100.0,25.81,7.0,0.41,537.0,0.02,0.01,14.51,13.65,53.21,13.78
Consaca,2026-06-16 12:09:04,38.75,0.37,1460.0,13.78,1.07,99.0,25.94,7.0,0.34,592.0,0.02,0.01,14.51,13.65,53.21,13.78
Consaca,2026-06-16 12:20:53,39.13,0.36,1354.0,13.82,0.97,100.0,26.04,7.0,0.39,455.0,0.02,0.01,14.51,13.65,53.21,13.84
Consaca,2026-06-16 12:32:44,38.36,0.31,1275.0,13.71,0.9,97.0,26.17,7.0,0.32,438.0,0.03,0.01,14.51,13.65,53.22,13.71
Consaca,2026-06-16 12:44:24,37.91,0.33,1227.0,13.81,0.9,100.0,26.32,7.0,0.39,468.0,0.03,0.01,14.51,13.65,53.22,13.78
Consaca,2026-06-16 12:56:06,38.55,0.31,1204.0,13.84,0.86,100.0,26.44,7.0,0.4,566.0,0.03,0.01,14.51,13.65,53.22,13.81
Consaca,2026-06-16 13:07:51,39.01,0.29,1164.0,13.86,0.86,100.0,26.55,7.0,0.39,456.0,0.03,0.01,14.51,13.65,53.22,13.88
Consaca,2026-06-16 13:19:37,40.95,0.26,1098.0,13.91,0.75,100.0,26.65,7.0,0.38,540.0,0.04,0.02,14.51,13.65,53.23,13.87
Consaca,2026-06-16 13:31:19,39.8,0.24,1000.0,13.71,0.73,97.0,26.73,7.0,0.39,588.0,0.04,0.02,14.51,13.65,53.23,13.68
Consaca,2026-06-16 13:43:09,38.22,0.26,1051.0,13.83,0.73,100.0,26.83,7.0,0.46,565.0,0.04,0.02,14.51,13.65,53.23,13.81
Consaca,2026-06-16 13:54:48,39.25,0.25,1008.0,13.82,0.71,100.0,26.93,7.0,0.36,511.0,0.04,0.02,14.51,13.65,53.23,13.82
Consaca,2026-06-16 14:06:35,39.38,0.21,878.0,13.72,0.63,98.0,27.02,7.0,0.34,466.0,0.04,0.02,14.51,13.65,53.23,13.72
Consaca,2026-06-16 14:18:10,38.59,0.24,963.0,13.76,0.74,99.0,27.09,7.0,0.4,619.0,0.04,0.02,14.51,13.65,53.23,13.75
Consaca,2026-06-16 14:29:57,39.36,0.22,939.0,13.81,0.68,100.0,27.17,7.0,0.36,469.0,0.05,0.02,14.51,13.65,53.24,13.81
Consaca,2026-06-16 14:53:45,37.87,0.26,995.0,13.83,0.67,100.0,27.3,7.0,0.4,484.0,0.05,0.02,14.51,13.65,53.24,13.85
Consaca,2026-06-16 15:05:22,39.7,0.22,893.0,13.74,0.65,99.0,27.34,7.0,0.36,439.0,0.05,0.02,14.51,13.65,53.24,13.74
Consaca,2026-06-16 15:17:10,37.89,0.2,780.0,13.67,0.57,96.0,27.39,7.0,0.4,478.0,0.05,0.03,14.51,13.65,53.24,13.67
Consaca,2026-06-16 15:28:54,37.39,0.2,779.0,13.72,0.62,97.0,27.42,7.0,0.43,424.0,0.05,0.03,14.51,13.65,53.24,13.72
Consaca,2026-06-16 15:40:41,38.32,0.2,755.0,13.73,0.57,98.0,27.47,7.0,0.41,521.0,0.06,0.03,14.51,13.65,53.25,13.73
Consaca,2026-06-16 15:52:27,37.52,0.22,822.0,13.7,0.57,97.0,27.45,7.0,0.37,574.0,0.06,0.03,14.51,13.65,53.25,13.68
Consaca,2026-06-16 16:04:19,37.46,0.2,767.0,13.71,0.6,98.0,27.54,7.0,0.36,425.0,0.06,0.03,14.51,13.65,53.25,13.71
Consaca,2026-06-16 16:16:04,37.91,0.22,826.0,13.77,0.6,100.0,27.59,7.0,0.36,537.0,0.06,0.03,14.51,13.65,53.25,13.77
Consaca,2026-06-16 16:27:51,37.9,0.21,812.0,13.77,0.57,100.0,27.6,7.0,0.38,537.0,0.06,0.03,14.51,13.65,53.25,13.77
Consaca,2026-06-16 16:39:34,37.88,0.2,757.0,13.77,0.59,100.0,27.63,7.0,0.37,550.0,0.06,0.03,14.51,13.65,53.25,13.77
Consaca,2026-06-16 16:51:13,34.76,0.2,697.0,13.69,0.5,96.0,27.65,7.0,0.37,533.0,0.07,0.03,14.51,13.65,53.26,13.69
Consaca,2026-06-16 17:03:09,34.96,0.22,815.0,13.82,0.55,100.0,27.65,7.0,0.48,677.0,0.07,0.03,14.51,13.64,53.26,13.82
Consaca,2026-06-16 17:14:54,36.4,0.2,740.0,13.72,0.55,98.0,27.66,7.0,0.41,575.0,0.07,0.04,14.51,13.64,53.26,13.7
Consaca,2026-06-16 17:26:34,14.84,0.17,282.0,13.46,0.22,88.0,27.67,7.0,0.41,457.0,0.07,0.04,14.51,13.46,53.26,13.46
Consaca,2026-06-16 17:38:17,14.53,0.1,159.0,13.25,0.11,80.0,27.58,7.0,0.42,569.0,0.07,0.04,14.51,13.22,53.26,13.25
Consaca,2026-06-16 17:49:53,14.16,0.0,0.0,13.07,0.0,73.0,27.45,11.0,0.38,510.0,0.07,0.04,14.51,13.07,53.26,13.07
Consaca,2026-06-16 18:01:36,13.1,0.0,0.0,13.05,0.0,73.0,27.33,1.0,0.38,508.0,0.07,0.04,14.51,13.03,53.26,13.05
Consaca,2026-06-16 18:13:18,12.93,0.0,0.0,13.03,0.0,72.0,27.19,1.0,0.43,534.0,0.07,0.04,14.51,13.01,53.26,13.03
Consaca,2026-06-16 18:25:03,8.06,0.0,0.0,13.01,0.0,71.0,27.07,1.0,0.43,520.0,0.07,0.04,14.51,13.01,53.26,13.01
Consaca,2026-06-16 18:36:47,0.65,0.0,0.0,12.96,0.0,69.0,26.99,1.0,0.75,1062.0,0.07,0.04,14.51,12.96,53.26,12.96
Consaca,2026-06-16 18:48:33,0.0,0.0,0.0,12.95,0.0,69.0,26.91,1.0,0.79,958.0,0.07,0.04,14.51,12.93,53.26,12.95
Consaca,2026-06-16 19:00:16,0.0,0.0,0.0,12.95,0.0,69.0,26.86,1.0,0.76,1100.0,0.07,0.05,14.51,12.93,53.26,12.95
Consaca,2026-06-16 19:13:35,0.0,0.0,0.0,12.95,0.0,69.0,26.82,1.0,0.78,1023.0,0.07,0.05,14.51,12.93,53.26,12.95
Consaca,2026-06-16 19:25:11,0.0,0.0,0.0,12.95,0.0,69.0,26.75,1.0,0.78,1113.0,0.07,0.05,14.51,12.93,53.26,12.95
Consaca,2026-06-16 19:36:48,0.0,0.0,0.0,12.95,0.0,69.0,26.69,1.0,0.75,1036.0,0.07,0.05,14.51,12.92,53.26,12.95
Consaca,2026-06-16 19:48:24,0.0,0.0,0.0,12.93,0.0,68.0,26.62,1.0,0.87,1008.0,0.07,0.05,14.51,12.92,53.26,12.93
Consaca,2026-06-16 20:00:00,0.0,0.0,,,,,,,,,,,,,,
Consaca,2026-06-16 20:13:52,0.0,0.0,0.0,12.93,0.0,68.0,26.49,1.0,0.85,1086.0,0.07,0.06,14.51,12.92,53.26,12.93
Consaca,2026-06-16 20:25:35,0.0,0.0,0.0,12.93,0.0,68.0,26.41,1.0,0.76,1060.0,0.07,0.06,14.51,12.92,53.26,12.93
Consaca,2026-06-16 20:37:18,0.0,0.0,0.0,12.93,0.0,68.0,26.34,1.0,0.74,1060.0,0.07,0.06,14.51,12.92,53.26,12.93
Consaca,2026-06-16 20:48:57,0.0,0.0,0.0,12.93,0.0,68.0,26.27,1.0,0.81,1034.0,0.07,0.06,14.51,12.92,53.26,12.93
Consaca,2026-06-16 21:00:44,,,,,,,,,,1008.0,0.07,0.07,14.51,12.9,53.26,
Consaca,2026-06-16 21:13:55,0.0,0.0,0.0,12.91,0.0,67.0,26.12,1.0,0.83,1136.0,0.07,0.07,14.51,12.9,53.26,12.91
Consaca,2026-06-16 21:25:41,0.0,0.0,0.0,12.91,0.0,67.0,26.05,1.0,0.82,1019.0,0.07,0.07,14.51,12.9,53.26,12.91
Consaca,2026-06-16 21:37:26,0.0,0.0,0.0,12.92,0.0,67.0,25.97,1.0,0.77,1085.0,0.07,0.07,14.51,12.89,53.26,12.92
Consaca,2026-06-16 21:49:10,0.0,0.0,0.0,12.91,0.0,67.0,25.89,1.0,0.83,1084.0,0.07,0.08,14.51,12.89,53.26,12.91
Consaca,2026-06-16 22:00:49,0.0,0.0,0.0,12.91,0.0,67.0,25.81,1.0,0.76,1032.0,0.07,0.08,14.51,12.89,53.26,12.91
Consaca,2026-06-16 22:12:45,0.0,0.0,0.0,12.9,0.0,66.0,25.74,1.0,0.83,1057.0,0.07,0.08,14.51,12.87,53.26,12.9
Consaca,2026-06-16 22:24:45,0.0,0.0,0.0,12.9,0.0,66.0,25.67,1.0,0.79,1019.0,0.07,0.08,14.51,12.87,53.26,12.9
Consaca,2026-06-16 22:36:30,0.0,0.0,0.0,12.9,0.0,66.0,25.57,1.0,0.84,941.0,0.07,0.08,14.51,12.87,53.26,12.9
Consaca,2026-06-16 22:48:10,0.0,0.0,0.0,12.87,0.0,66.0,25.49,1.0,0.78,1095.0,0.07,0.09,14.51,12.87,53.26,12.89
Consaca,2026-06-16 23:12:08,0.0,0.0,0.0,12.89,0.0,66.0,25.33,1.0,0.8,1018.0,0.07,0.09,14.51,12.86,53.26,12.89
Consaca,2026-06-16 23:23:50,0.0,0.0,0.0,12.88,0.0,65.0,25.25,1.0,0.82,1043.0,0.07,0.09,14.51,12.86,53.26,12.88
Consaca,2026-06-16 23:35:31,0.0,0.0,0.0,12.88,0.0,65.0,25.17,1.0,0.81,1004.0,0.07,0.09,14.51,12.85,53.26,12.88
Consaca,2026-06-16 23:47:10,0.0,0.0,0.0,12.87,0.0,65.0,25.09,1.0,0.85,1016.0,0.07,0.1,14.51,12.85,53.26,12.87
Consaca,2026-06-16 23:58:56,0.0,0.0,0.0,12.87,0.0,65.0,25.03,1.0,0.86,1016.0,0.07,0.1,14.51,12.85,53.26,12.87
Consaca,2026-06-17 00:11:12,0.0,0.0,0.0,12.87,0.0,65.0,24.95,1.0,0.79,1119.0,0.07,0.1,14.51,12.84,53.26,12.87
Consaca,2026-06-17 00:22:53,0.0,0.0,0.0,12.86,0.0,65.0,24.87,1.0,0.82,1003.0,0.07,0.1,14.51,12.84,53.26,12.86
Consaca,2026-06-17 00:34:39,0.0,0.0,0.0,12.86,0.0,65.0,24.8,1.0,0.84,1028.0,0.07,0.1,14.51,12.84,53.26,12.86
Consaca,2026-06-17 00:46:17,0.0,0.0,0.0,12.85,0.0,64.0,24.74,1.0,0.8,1105.0,0.07,0.11,14.51,12.83,53.26,12.85
Consaca,2026-06-17 00:57:57,0.0,0.0,0.0,12.85,0.0,64.0,24.67,1.0,0.78,1028.0,0.07,0.11,14.51,12.82,53.26,12.85
Consaca,2026-06-17 01:09:44,0.0,0.0,0.0,12.84,0.0,64.0,24.6,1.0,0.79,1066.0,0.07,0.11,14.51,12.82,53.26,12.85
Consaca,2026-06-17 01:21:42,0.0,0.0,0.0,12.84,0.0,64.0,24.53,1.0,0.84,1040.0,0.07,0.11,14.51,12.81,53.26,12.84
Consaca,2026-06-17 01:33:28,0.0,0.0,0.0,12.83,0.0,64.0,24.47,1.0,0.82,949.0,0.07,0.11,14.51,12.81,53.26,12.83
Consaca,2026-06-17 01:45:10,0.0,0.0,0.0,12.83,0.0,63.0,24.41,1.0,0.75,1103.0,0.07,0.12,14.51,12.81,53.26,12.83
Consaca,2026-06-17 01:56:46,0.0,0.0,0.0,12.82,0.0,63.0,24.33,1.0,0.81,1025.0,0.07,0.12,14.51,12.8,53.26,12.82
Consaca,2026-06-17 02:08:22,0.0,0.0,0.0,12.82,0.0,63.0,24.29,1.0,0.78,1025.0,0.07,0.12,14.51,12.8,53.26,12.82
Consaca,2026-06-17 02:20:02,0.0,0.0,0.0,12.8,0.0,62.0,24.22,1.0,0.79,908.0,0.07,0.12,14.51,12.79,53.26,12.8
Consaca,2026-06-17 02:31:45,0.0,,,,0.0,62.0,24.15,1.0,0.78,1062.0,0.07,0.12,14.51,12.79,53.26,12.8
Consaca,2026-06-17 02:43:42,0.0,0.0,0.0,12.8,0.0,62.0,24.09,1.0,0.84,934.0,0.07,0.13,14.51,12.79,53.26,12.8
Consaca,2026-06-17 02:55:23,0.0,0.0,0.0,12.8,0.0,62.0,24.04,1.0,0.76,1011.0,0.07,0.13,14.51,12.78,53.26,12.8
Consaca,2026-06-17 03:07:05,0.0,0.0,0.0,12.79,0.0,62.0,23.98,1.0,0.75,1023.0,0.07,0.13,14.51,12.77,53.26,12.79
Consaca,2026-06-17 03:18:46,0.0,0.0,0.0,12.78,0.0,61.0,23.93,1.0,0.83,1150.0,0.07,0.13,14.51,12.76,53.26,12.78
Consaca,2026-06-17 03:30:35,0.0,0.0,0.0,12.78,0.0,61.0,23.87,1.0,0.77,1137.0,0.07,0.13,14.51,12.76,53.26,12.78
Consaca,2026-06-17 03:42:15,0.0,0.0,0.0,12.77,0.0,61.0,23.81,1.0,0.86,1059.0,0.07,0.14,14.51,12.75,53.26,12.77
Consaca,2026-06-17 03:53:56,0.0,0.0,0.0,12.76,0.0,61.0,23.76,1.0,0.83,1122.0,0.07,0.14,14.51,12.74,53.26,12.76
Consaca,2026-06-17 04:05:42,0.0,0.0,0.0,12.76,0.0,61.0,23.7,1.0,0.75,1071.0,0.07,0.14,14.51,12.74,53.26,12.76
Consaca,2026-06-17 04:17:22,0.0,0.0,0.0,12.76,0.0,61.0,23.65,1.0,0.77,1020.0,0.07,0.14,14.51,12.74,53.26,12.76
Consaca,2026-06-17 04:29:02,0.0,0.0,0.0,12.75,0.0,60.0,23.61,1.0,0.76,1071.0,0.07,0.14,14.51,12.72,53.26,12.75
Consaca,2026-06-17 04:40:55,0.0,0.0,0.0,12.74,0.0,60.0,23.56,1.0,0.81,1070.0,0.07,0.15,14.51,12.72,53.26,12.74
Consaca,2026-06-17 04:52:40,0.0,0.0,0.0,12.73,0.0,60.0,23.5,1.0,0.85,1031.0,0.07,0.15,14.51,12.71,53.26,12.73
Consaca,2026-06-17 05:04:28,0.0,0.0,0.0,12.73,0.0,60.0,23.45,1.0,0.86,1031.0,0.07,0.15,14.51,12.71,53.26,12.73
Consaca,2026-06-17 05:16:04,0.0,0.0,0.0,12.72,0.0,59.0,23.4,1.0,0.84,1017.0,0.07,0.15,14.51,12.7,53.26,12.72
Consaca,2026-06-17 05:27:45,0.0,0.0,0.0,12.71,0.0,59.0,23.36,1.0,0.79,1118.0,0.07,0.15,14.51,12.69,53.26,12.71
Consaca,2026-06-17 05:39:23,0.21,0.0,0.0,12.71,0.0,59.0,23.31,1.0,0.79,1016.0,0.07,0.16,14.51,12.69,53.26,12.71
Consaca,2026-06-17 05:51:01,2.95,0.0,0.0,12.7,0.0,58.0,23.26,1.0,0.85,1041.0,0.07,0.16,14.51,12.67,53.26,12.7
Consaca,2026-06-17 06:02:42,11.09,0.0,0.0,12.74,0.0,60.0,23.2,1.0,0.4,509.0,0.07,0.16,14.51,12.67,53.26,12.74
Consaca,2026-06-17 06:14:21,13.87,0.0,0.0,12.75,0.0,60.0,23.15,11.0,0.38,471.0,0.07,0.16,14.51,12.67,53.26,12.75
Consaca,2026-06-17 06:26:00,13.96,0.03,0.0,12.76,0.02,60.0,23.15,11.0,0.39,586.0,0.07,0.16,14.51,12.67,53.26,12.76
Consaca,2026-06-17 06:37:40,14.04,0.07,140.0,12.76,0.12,60.0,23.16,11.0,0.38,586.0,0.07,0.16,14.51,12.67,53.26,12.76
Consaca,2026-06-17 06:49:24,14.13,0.21,320.0,12.81,0.25,62.0,23.18,11.0,0.39,538.0,0.07,0.16,14.51,12.67,53.26,12.81
Consaca,2026-06-17 07:01:03,14.28,0.45,631.0,12.88,0.5,65.0,23.22,11.0,0.45,437.0,0.07,0.16,14.51,12.67,53.26,12.88
Consaca,2026-06-17 07:12:48,24.92,0.66,1640.0,13.02,1.25,70.0,23.3,11.0,0.41,546.0,0.07,0.16,14.51,12.67,53.26,13.02
Consaca,2026-06-17 07:24:34,13.97,0.87,1187.0,13.19,0.92,76.0,23.25,11.0,0.44,553.0,0.08,0.17,14.51,12.67,53.27,13.19
Consaca,2026-06-17 07:36:12,14.61,0.64,949.0,13.19,0.73,76.0,23.18,11.0,0.38,593.0,0.08,0.17,14.51,12.67,53.27,13.19
Consaca,2026-06-17 07:47:56,14.56,0.48,683.0,13.14,0.51,74.0,23.26,11.0,0.33,551.0,0.08,0.17,14.51,12.67,53.27,13.14
Consaca,2026-06-17 08:12:08,14.62,0.62,869.0,13.17,0.66,77.0,23.38,11.0,0.39,541.0,0.08,0.17,14.51,12.67,53.27,13.17
Consaca,2026-06-17 08:23:52,14.04,0.88,1246.0,13.26,0.9,79.0,23.28,11.0,0.45,557.0,0.09,0.17,14.51,12.67,53.28,13.24
Consaca,2026-06-17 08:35:55,14.06,0.84,1142.0,13.28,0.89,79.0,23.2,11.0,0.38,544.0,0.09,0.17,14.51,12.67,53.28,13.28
Consaca,2026-06-17 08:47:46,14.11,1.07,1543.0,13.31,1.15,81.0,23.16,11.0,0.42,532.0,0.09,0.17,14.51,12.67,53.28,13.31
Consaca,2026-06-17 08:59:34,14.13,1.05,1518.0,13.32,1.12,81.0,23.17,11.0,0.38,599.0,0.09,0.17,14.51,12.67,53.28,13.32
Consaca,2026-06-17 09:11:59,32.66,1.5,4919.0,13.59,3.6,91.0,23.19,11.0,0.41,489.0,0.1,0.17,14.51,12.67,53.29,13.58
Consaca,2026-06-17 09:23:51,33.29,1.96,6545.0,13.78,4.75,98.0,23.84,11.0,0.4,564.0,0.11,0.18,14.51,12.67,53.3,13.78
Consaca,2026-06-17 09:35:42,21.15,2.29,4846.0,13.69,3.53,96.0,24.41,11.0,0.38,452.0,0.12,0.18,14.88,12.67,53.31,13.69
Consaca,2026-06-17 09:47:22,32.19,1.3,4227.0,13.68,3.08,95.0,24.52,11.0,0.42,548.0,0.13,0.18,14.88,12.67,53.32,13.67
Consaca,2026-06-17 09:59:05,33.06,2.23,7400.0,14.26,5.2,100.0,24.62,11.0,0.39,527.0,0.14,0.18,15.21,12.67,53.33,14.26
Consaca,2026-06-17 10:11:15,32.17,1.72,5604.0,14.03,4.02,100.0,24.62,11.0,0.39,434.0,0.16,0.18,15.21,12.67,53.35,14.0
Consaca,2026-06-17 10:22:58,35.89,1.56,5685.0,14.31,3.97,100.0,24.58,11.0,0.43,516.0,0.17,0.18,15.21,12.67,53.36,14.32
Consaca,2026-06-17 10:34:56,37.95,1.23,4744.0,14.42,3.28,100.0,24.58,11.0,0.39,547.0,0.18,0.18,15.21,12.67,53.37,14.42
Consaca,2026-06-17 10:47:10,35.1,,,14.44,2.71,100.0,24.8,11.0,0.39,574.0,0.19,0.18,15.21,12.67,53.38,14.38
Consaca,2026-06-17 10:59:14,40.71,0.88,3513.0,14.34,2.44,100.0,25.03,11.0,0.37,659.0,0.19,0.18,15.21,12.67,53.38,14.34
Consaca,2026-06-17 11:11:22,36.54,0.87,3160.0,14.43,2.23,100.0,25.17,11.0,0.39,504.0,0.01,0.0,14.87,13.85,53.39,14.42
Consaca,2026-06-17 11:23:06,37.63,0.76,2864.0,14.32,2.0,100.0,25.29,11.0,0.42,558.0,0.02,0.01,14.87,13.85,53.4,14.32
Consaca,2026-06-17 11:34:51,38.17,0.68,2626.0,14.35,1.82,100.0,25.36,11.0,0.4,459.0,0.02,0.01,14.87,13.85,53.4,14.37
Consaca,2026-06-17 11:46:51,38.11,0.62,2420.0,14.41,1.66,100.0,25.43,11.0,0.35,561.0,0.03,0.01,14.87,13.85,53.41,14.43
Consaca,2026-06-17 11:58:51,40.9,0.24,1121.0,13.71,0.79,95.0,25.48,7.0,0.32,425.0,0.03,0.01,14.87,13.67,53.41,13.71
Consaca,2026-06-17 12:11:32,39.19,0.41,1595.0,13.84,1.16,100.0,25.55,7.0,0.37,553.0,0.03,0.01,14.87,13.65,53.41,13.84
Consaca,2026-06-17 12:23:15,39.5,0.32,1274.0,13.7,0.93,97.0,25.62,7.0,0.36,425.0,0.04,0.01,14.87,13.65,53.42,13.72
Consaca,2026-06-17 12:35:21,39.52,0.36,1423.0,13.82,1.05,100.0,25.73,7.0,0.38,621.0,0.04,0.01,14.87,13.62,53.42,13.82
Consaca,2026-06-17 12:47:12,38.37,0.37,1396.0,13.83,1.04,100.0,25.87,7.0,0.37,608.0,0.04,0.01,14.87,13.62,53.42,13.86
Consaca,2026-06-17 12:59:02,36.9,0.33,1308.0,13.74,0.91,98.0,25.99,7.0,0.39,535.0,0.04,0.01,14.87,13.62,53.42,13.74
Consaca,2026-06-17 13:11:15,37.73,0.22,874.0,13.67,0.63,95.0,26.13,7.0,0.43,587.0,0.05,0.01,14.87,13.62,53.43,13.67
Consaca,2026-06-17 13:23:00,38.31,0.22,897.0,13.8,0.63,100.0,26.29,7.0,0.46,645.0,0.05,0.02,14.87,13.62,53.43,13.77
Consaca,2026-06-17 13:34:50,38.17,0.28,1070.0,13.73,0.8,98.0,26.43,7.0,0.38,425.0,0.05,0.02,14.87,13.62,53.43,13.72
Consaca,2026-06-17 13:46:40,38.69,0.3,1150.0,13.86,0.88,100.0,26.53,7.0,0.4,582.0,0.05,0.02,14.87,13.62,53.43,13.9
Consaca,2026-06-17 13:58:46,37.93,0.47,1683.0,14.03,1.21,100.0,26.61,7.0,0.36,505.0,0.06,0.02,14.87,13.62,53.44,14.05
Consaca,2026-06-17 14:10:35,38.67,0.24,933.0,13.69,0.68,98.0,26.71,7.0,0.38,589.0,0.06,0.02,14.87,13.62,53.44,13.71
Consaca,2026-06-17 14:22:22,38.73,0.27,1086.0,13.75,0.79,99.0,26.78,7.0,0.37,467.0,0.06,0.02,14.87,13.62,53.44,13.74
Consaca,2026-06-17 14:34:06,37.11,0.27,1029.0,13.75,0.74,99.0,26.83,7.0,0.38,494.0,0.06,0.02,14.87,13.62,53.44,13.74
Consaca,2026-06-17 14:45:48,36.19,0.21,765.0,13.67,0.56,96.0,26.87,7.0,0.44,505.0,0.06,0.02,14.87,13.62,53.44,13.67
Consaca,2026-06-17 14:57:44,38.33,0.22,850.0,13.71,0.64,97.0,26.9,7.0,0.36,562.0,0.06,0.02,14.87,13.62,53.44,13.71
Consaca,2026-06-17 15:09:43,37.79,0.24,894.0,13.76,0.64,99.0,26.92,7.0,0.33,591.0,0.07,0.02,14.87,13.62,53.45,13.76
Consaca,2026-06-17 15:21:26,37.86,0.23,871.0,13.84,0.63,100.0,26.95,7.0,0.39,470.0,0.07,0.03,14.87,13.62,53.45,13.84
Consaca,2026-06-17 15:33:08,37.42,0.22,851.0,13.74,0.62,98.0,26.97,7.0,0.43,549.0,0.07,0.03,14.87,13.62,53.45,13.74
Consaca,2026-06-17 15:44:50,37.4,0.22,838.0,13.75,0.61,99.0,26.98,7.0,0.38,536.0,0.07,0.03,14.87,13.62,53.45,13.75
Consaca,2026-06-17 15:56:48,36.9,0.22,838.0,13.74,0.59,98.0,27.0,7.0,0.37,508.0,0.07,0.03,14.87,13.62,53.45,13.74
Consaca,2026-06-17 16:20:35,34.95,0.23,840.0,13.78,0.62,100.0,27.03,7.0,0.38,551.0,0.08,0.03,14.87,13.62,53.46,13.78
Consaca,2026-06-17 16:32:20,34.38,0.21,756.0,13.75,0.54,99.0,27.03,7.0,0.41,522.0,0.08,0.03,14.87,13.62,53.46,13.75
Consaca,2026-06-17 16:44:08,37.28,0.19,767.0,13.7,0.6,97.0,27.03,7.0,0.43,506.0,0.08,0.03,14.87,13.62,53.46,13.7
Consaca,2026-06-17 16:55:54,36.33,0.21,753.0,13.7,0.56,97.0,27.02,7.0,0.4,561.0,0.08,0.03,14.87,13.62,53.46,13.7
Consaca,2026-06-17 17:07:46,35.87,0.21,769.0,13.74,0.57,98.0,27.01,7.0,0.4,549.0,0.08,0.04,14.87,13.62,53.46,13.74
Consaca,2026-06-17 17:19:39,,,753.0,13.7,0.56,97.0,26.99,7.0,0.36,534.0,0.08,0.04,14.87,13.62,53.46,13.7
Consaca,2026-06-17 17:31:24,14.86,0.18,256.0,13.5,0.19,89.0,26.99,7.0,0.42,486.0,0.08,0.04,14.87,13.47,53.46,13.5
Consaca,2026-06-17 17:43:06,14.45,0.06,105.0,13.2,0.06,78.0,26.86,7.0,0.35,594.0,0.09,0.04,14.87,13.2,53.47,13.2
Consaca,2026-06-17 17:54:46,14.24,0.0,0.0,13.09,0.0,74.0,26.74,11.0,0.43,431.0,0.09,0.04,14.87,13.07,53.47,13.09
Consaca,2026-06-17 18:06:39,16.13,0.0,0.0,13.05,0.0,72.0,26.63,11.0,0.39,561.0,0.09,0.04,14.87,13.03,53.47,13.05
Consaca,2026-06-17 18:18:21,12.88,0.0,0.0,13.03,0.0,71.0,26.5,1.0,0.49,560.0,0.09,0.04,14.87,13.02,53.47,13.03
Consaca,2026-06-17 18:30:20,3.22,0.0,0.0,13.02,0.0,71.0,26.37,1.0,0.4,520.0,0.09,0.04,14.87,13.0,53.47,13.02
Consaca,2026-06-17 18:42:00,0.1,0.0,0.0,12.96,0.0,69.0,26.26,1.0,0.81,1010.0,0.09,0.04,14.87,12.94,53.47,12.96
Consaca,2026-06-17 18:53:45,0.0,0.0,0.0,12.95,0.0,68.0,26.2,1.0,0.76,997.0,0.09,0.05,14.87,12.93,53.47,12.95
Consaca,2026-06-17 19:05:24,0.0,0.0,0.0,12.95,0.0,68.0,26.13,1.0,0.79,1100.0,0.09,0.05,14.87,12.93,53.47,12.95
Consaca,2026-06-17 19:17:15,0.0,0.0,0.0,12.95,0.0,68.0,26.07,1.0,0.79,1061.0,0.09,0.05,14.87,12.92,53.47,12.95
Consaca,2026-06-17 19:28:55,0.0,0.0,0.0,12.95,0.0,68.0,26.01,1.0,0.8,997.0,0.09,0.05,14.87,12.92,53.47,12.95
Consaca,2026-06-17 19:40:41,0.0,0.0,0.0,12.95,0.0,68.0,25.95,1.0,0.8,984.0,0.09,0.05,14.87,12.92,53.47,12.95
Consaca,2026-06-17 19:52:25,0.0,0.0,0.0,12.95,0.0,68.0,25.88,1.0,0.78,995.0,0.09,0.06,14.87,12.92,53.47,12.93
Consaca,2026-06-17 20:04:02,0.0,0.0,0.0,12.94,0.0,68.0,25.8,1.0,0.88,1074.0,0.09,0.06,14.87,12.92,53.47,12.94
Consaca,2026-06-17 20:15:54,0.0,0.0,0.0,12.93,0.0,68.0,25.73,1.0,0.84,956.0,0.09,0.06,14.87,12.91,53.47,12.93
Consaca,2026-06-17 20:27:40,0.0,0.0,0.0,12.93,0.0,68.0,25.66,1.0,0.83,1047.0,0.09,0.06,14.87,12.91,53.47,12.93
Consaca,2026-06-17 20:39:19,0.0,0.0,0.0,12.93,0.0,68.0,25.6,1.0,0.77,1034.0,0.09,0.06,14.87,12.9,53.47,12.93
Consaca,2026-06-17 20:51:00,0.0,0.0,0.0,12.93,0.0,67.0,25.51,1.0,0.76,1060.0,0.09,0.07,14.87,12.9,53.47,12.93
Consaca,2026-06-17 21:02:45,0.0,0.0,0.0,12.93,0.0,67.0,25.44,1.0,0.83,1008.0,0.09,0.07,14.87,12.9,53.47,12.93
Consaca,2026-06-17 21:14:26,0.0,0.0,0.0,12.92,0.0,67.0,25.35,1.0,0.79,1072.0,0.09,0.07,14.87,12.9,53.47,12.92
Consaca,2026-06-17 21:26:15,0.0,0.0,0.0,12.92,0.0,67.0,25.27,1.0,0.81,1072.0,0.09,0.07,14.87,12.9,53.47,12.92
Consaca,2026-06-17 21:38:03,0.0,0.0,0.0,12.92,0.0,67.0,25.17,1.0,0.8,994.0,0.09,0.07,14.87,12.89,53.47,12.92
Consaca,2026-06-17 21:49:41,0.0,0.0,0.0,12.92,0.0,67.0,25.1,1.0,0.82,1085.0,0.09,0.08,14.87,12.88,53.47,12.92
Consaca,2026-06-17 22:01:22,0.0,0.0,0.0,12.91,0.0,67.0,25.02,1.0,0.76,1032.0,0.09,0.08,14.87,12.88,53.47,12.91
Consaca,2026-06-17 22:13:05,0.0,0.0,0.0,12.91,0.0,67.0,24.94,1.0,0.82,1071.0,0.09,0.08,14.87,12.88,53.47,12.91
Consaca,2026-06-17 22:24:45,0.0,0.0,0.0,12.91,0.0,67.0,24.86,1.0,0.74,1045.0,0.09,0.08,14.87,12.88,53.47,12.91
Consaca,2026-06-17 22:36:33,0.0,0.0,0.0,12.89,0.0,66.0,24.78,1.0,0.74,1031.0,0.09,0.08,14.87,12.88,53.47,12.89
Consaca,2026-06-17 22:48:14,0.0,0.0,0.0,12.89,0.0,66.0,24.7,1.0,0.78,1005.0,0.09,0.09,14.87,12.88,53.47,12.89
Consaca,2026-06-17 22:59:53,0.0,0.0,0.0,12.9,0.0,66.0,24.61,1.0,0.76,1070.0,0.09,0.09,14.87,12.87,53.47,12.9
Consaca,2026-06-17 23:11:47,0.0,0.0,0.0,12.89,0.0,66.0,24.52,1.0,0.77,940.0,0.09,0.09,14.87,12.87,53.47,12.89
Consaca,2026-06-17 23:23:29,0.0,0.0,0.0,12.88,0.0,65.0,24.44,1.0,0.78,1004.0,0.09,0.09,14.87,12.86,53.47,12.88
Consaca,2026-06-17 23:35:05,0.0,0.0,0.0,12.88,0.0,65.0,24.37,1.0,0.86,1081.0,0.09,0.09,14.87,12.86,53.47,12.88
Consaca,2026-06-17 23:46:55,0.0,0.0,0.0,12.88,0.0,65.0,24.28,1.0,0.77,1069.0,0.09,0.1,14.87,12.86,53.47,12.88
Consaca,2026-06-17 23:58:31,0.0,0.0,0.0,12.88,0.0,65.0,24.2,1.0,0.74,1069.0,0.09,0.1,14.87,12.85,53.47,12.88
Consaca,2026-06-18 00:10:11,0.0,0.0,0.0,12.87,0.0,65.0,24.12,1.0,0.77,1106.0,0.09,0.1,14.87,12.85,53.47,12.87
Consaca,2026-06-18 00:21:55,0.0,0.0,0.0,12.86,0.0,64.0,24.04,1.0,0.84,964.0,0.09,0.1,14.87,12.83,53.47,12.86
Consaca,2026-06-18 00:33:39,0.0,0.0,0.0,12.84,0.0,64.0,23.97,1.0,0.79,1052.0,0.09,0.1,14.87,12.83,53.47,12.84
Consaca,2026-06-18 00:45:50,0.0,0.0,0.0,12.85,0.0,64.0,23.9,1.0,0.83,1105.0,0.09,0.11,14.87,12.83,53.47,12.85
Consaca,2026-06-18 00:57:33,0.0,0.0,0.0,12.85,0.0,64.0,23.82,1.0,0.8,976.0,0.09,0.11,14.87,12.83,53.47,12.85
Consaca,2026-06-18 01:09:13,0.0,0.0,0.0,12.84,0.0,64.0,23.75,1.0,0.8,1065.0,0.09,0.11,14.87,12.82,53.47,12.84
Consaca,2026-06-18 01:20:55,0.0,0.0,0.0,12.84,0.0,64.0,23.68,1.0,0.74,1104.0,0.09,0.11,14.87,12.81,53.47,12.84
Consaca,2026-06-18 01:32:33,0.0,0.0,0.0,12.83,0.0,63.0,23.61,1.0,0.82,1052.0,0.09,0.11,14.87,12.8,53.47,12.83
Consaca,2026-06-18 01:44:14,0.0,0.0,0.0,12.83,0.0,63.0,23.53,1.0,0.86,1064.0,0.09,0.12,14.87,12.8,53.47,12.83
Consaca,2026-06-18 01:55:59,0.0,0.0,0.0,12.82,0.0,63.0,23.45,1.0,0.78,1025.0,0.09,0.12,14.87,12.8,53.47,12.82
Consaca,2026-06-18 02:07:40,0.0,0.0,0.0,12.81,0.0,63.0,23.37,1.0,0.79,1050.0,0.09,0.12,14.87,12.79,53.47,12.81
Consaca,2026-06-18 02:19:16,0.0,0.0,0.0,12.81,0.0,62.0,23.3,1.0,0.86,1101.0,0.09,0.12,14.87,12.79,53.47,12.81
Consaca,2026-06-18 02:31:04,0.0,0.0,0.0,12.81,0.0,62.0,23.21,1.0,0.73,1076.0,0.09,0.12,14.87,12.78,53.47,12.81
Consaca,2026-06-18 02:42:44,0.0,0.0,0.0,12.81,0.0,62.0,23.16,1.0,0.87,986.0,0.09,0.13,14.87,12.78,53.47,12.81
Consaca,2026-06-18 02:54:22,0.0,0.0,0.0,12.79,0.0,62.0,23.09,1.0,0.87,1010.0,0.09,0.13,14.87,12.78,53.47,12.79
Consaca,2026-06-18 03:06:14,0.0,0.0,0.0,12.79,0.0,62.0,23.01,1.0,0.92,1202.0,0.09,0.13,14.87,12.76,53.47,12.79
Consaca,2026-06-18 03:17:55,0.0,0.0,0.0,12.78,0.0,61.0,22.93,1.0,0.8,984.0,0.09,0.13,14.87,12.76,53.47,12.78
Consaca,2026-06-18 03:29:35,0.0,0.0,0.0,12.78,0.0,61.0,22.84,1.0,0.8,1073.0,0.09,0.13,14.87,12.75,53.47,12.78
Consaca,2026-06-18 03:41:14,0.0,0.0,0.0,12.77,0.0,61.0,22.78,1.0,0.76,1085.0,0.09,0.14,14.87,12.75,53.47,12.77
Consaca,2026-06-18 03:52:55,0.0,0.0,0.0,12.75,0.0,60.0,22.71,1.0,0.77,994.0,0.09,0.14,14.87,12.75,53.47,12.75
Consaca,2026-06-18 04:04:31,0.0,0.0,0.0,12.76,0.0,60.0,22.65,1.0,0.81,1046.0,0.09,0.14,14.87,12.74,53.47,12.76
Consaca,2026-06-18 04:16:12,0.0,0.0,0.0,12.74,0.0,60.0,22.57,1.0,0.75,1044.0,0.09,0.14,14.87,12.73,53.47,12.74
Consaca,2026-06-18 04:27:48,0.0,0.0,0.0,12.74,0.0,60.0,22.5,1.0,0.81,1031.0,0.09,0.14,14.87,12.72,53.47,12.74
Consaca,2026-06-18 04:39:23,0.0,0.0,0.0,12.74,0.0,60.0,22.43,1.0,0.81,1031.0,0.09,0.15,14.87,12.72,53.47,12.74
Consaca,2026-06-18 04:51:09,0.0,0.0,0.0,12.73,0.0,59.0,22.36,1.0,0.78,1018.0,0.09,0.15,14.87,12.71,53.47,12.73
Consaca,2026-06-18 05:03:14,0.0,0.0,0.0,12.71,0.0,59.0,22.3,1.0,0.82,1080.0,0.09,0.15,14.87,12.71,53.47,12.71
Consaca,2026-06-18 05:14:56,0.0,0.0,0.0,12.71,0.0,59.0,22.25,1.0,0.83,1029.0,0.09,0.15,14.87,12.71,53.47,12.71
Consaca,2026-06-18 05:26:49,0.0,0.0,0.0,12.71,0.0,58.0,22.17,1.0,0.86,1016.0,0.09,0.15,14.87,12.71,53.47,12.71
Consaca,2026-06-18 05:38:36,0.14,0.0,0.0,12.7,0.0,58.0,22.09,1.0,0.85,1054.0,0.09,0.16,14.87,12.67,53.47,12.7
Consaca,2026-06-18 05:50:18,2.83,0.0,0.0,12.7,0.0,58.0,22.03,1.0,0.33,482.0,0.09,0.16,14.87,12.67,53.47,12.7
Consaca,2026-06-18 06:02:07,11.54,0.0,0.0,12.75,0.0,60.0,21.96,1.0,0.43,561.0,0.09,0.16,14.87,12.67,53.47,12.75
Consaca,2026-06-18 06:14:03,14.49,0.0,0.0,12.75,0.0,60.0,21.9,11.0,0.46,446.0,0.09,0.16,14.87,12.67,53.47,12.75
Consaca,2026-06-18 06:25:43,13.94,0.02,50.0,12.74,0.0,59.0,21.89,11.0,0.37,458.0,0.09,0.16,14.87,12.67,53.47,12.74
Consaca,2026-06-18 06:37:43,13.96,0.02,63.0,12.75,0.05,60.0,21.88,11.0,0.39,522.0,0.09,0.16,14.87,12.67,53.47,12.75
Consaca,2026-06-18 06:49:27,14.05,0.09,178.0,12.76,0.15,60.0,21.86,11.0,0.36,523.0,0.09,0.16,14.87,12.67,53.47,12.76
Consaca,2026-06-18 07:01:04,14.04,0.12,178.0,12.77,0.13,61.0,21.84,11.0,0.36,472.0,0.09,0.16,14.87,12.67,53.47,12.77
Consaca,2026-06-18 07:12:47,14.3,0.63,926.0,12.87,0.67,64.0,21.84,11.0,0.33,566.0,0.09,0.16,14.87,12.67,53.47,12.87
Consaca,2026-06-18 07:24:26,13.94,0.89,1248.0,13.14,0.96,74.0,21.84,11.0,0.4,512.0,0.09,0.17,14.87,12.67,53.47,13.12
Consaca,2026-06-18 07:36:16,14.03,0.99,1365.0,13.26,1.01,78.0,21.82,11.0,0.4,530.0,0.09,0.17,14.87,12.67,53.47,13.26
Consaca,2026-06-18 07:48:00,35.82,1.8,6476.0,13.78,4.66,95.0,22.03,11.0,0.42,576.0,0.1,0.17,14.87,12.67,53.48,13.73
Consaca,2026-06-18 07:59:40,34.77,2.11,7341.0,13.81,5.34,98.0,22.95,11.0,0.4,565.0,0.11,0.17,14.87,12.67,53.49,13.81
Consaca,2026-06-18 08:11:57,31.77,1.49,4668.0,13.77,3.37,98.0,23.36,11.0,0.38,591.0,0.13,0.17,14.87,12.67,53.51,13.78
Consaca,2026-06-18 08:23:33,31.59,1.58,5049.0,13.76,3.68,97.0,23.39,11.0,0.42,563.0,0.14,0.17,14.87,12.67,53.52,13.77
Consaca,2026-06-18 08:35:15,30.11,2.07,6231.0,13.95,4.49,100.0,23.67,11.0,0.36,572.0,0.15,0.17,14.87,12.67,53.53,13.96
Consaca,2026-06-18 08:47:12,38.58,1.8,6964.0,14.45,4.8,100.0,23.88,11.0,0.39,519.0,0.16,0.17,14.99,12.67,53.54,14.47
Consaca,2026-06-18 08:59:04,35.11,1.69,5952.0,14.31,4.2,100.0,23.74,11.0,0.34,559.0,0.17,0.17,14.99,12.67,53.55,14.34
Consaca,2026-06-18 09:11:25,32.01,1.0,3247.0,13.75,2.36,98.0,23.59,11.0,0.35,577.0,0.18,0.17,14.99,12.67,53.56,13.74
Consaca,2026-06-18 09:23:15,31.97,1.25,4004.0,14.1,2.83,100.0,23.69,11.0,0.39,606.0,0.19,0.18,14.99,12.67,53.57,14.1
Consaca,2026-06-18 09:34:54,40.14,0.9,3632.0,14.3,2.6,100.0,23.84,11.0,0.37,557.0,0.2,0.18,14.99,12.67,53.58,14.3
Consaca,2026-06-18 09:46:37,37.16,0.97,3506.0,14.49,2.37,100.0,23.99,11.0,0.38,579.0,0.2,0.18,14.99,12.67,53.58,14.48
Consaca,2026-06-18 09:58:19,38.76,0.81,3195.0,14.46,2.21,100.0,24.08,11.0,0.37,535.0,0.21,0.18,14.99,12.67,53.59,14.49
Consaca,2026-06-18 10:10:04,37.11,0.74,2787.0,14.37,1.92,100.0,24.15,11.0,0.38,587.0,0.21,0.18,14.99,12.67,53.59,14.34
Consaca,2026-06-18 10:21:55,36.36,0.69,2514.0,14.37,1.77,100.0,24.19,11.0,0.39,547.0,0.22,0.18,14.99,12.67,53.6,14.35
Consaca,2026-06-18 10:33:34,38.1,0.63,2382.0,14.43,1.64,100.0,24.26,11.0,0.39,534.0,0.22,0.18,14.99,12.67,53.6,14.44
Consaca,2026-06-18 10:45:19,39.08,0.54,2141.0,14.37,1.48,100.0,24.31,11.0,0.38,473.0,0.23,0.18,14.99,12.67,53.61,14.36
Consaca,2026-06-18 10:57:11,38.54,0.51,1994.0,14.45,1.37,100.0,24.38,11.0,0.37,548.0,0.23,0.18,14.99,12.67,53.61,14.43
Consaca,2026-06-18 11:08:55,40.12,0.43,1723.0,14.36,1.23,100.0,24.45,11.0,0.36,487.0,0.01,0.0,14.55,14.3,53.62,14.32
Consaca,2026-06-18 11:20:33,38.21,0.46,1786.0,14.43,1.2,100.0,24.51,11.0,0.36,578.0,0.01,0.01,14.55,14.28,53.62,14.43
Consaca,2026-06-18 11:32:13,38.13,0.36,1387.0,13.87,1.02,100.0,24.6,7.0,0.37,485.0,0.01,0.01,14.55,13.66,53.62,13.87
Consaca,2026-06-18 11:43:58,39.42,0.31,1231.0,13.84,0.87,100.0,24.67,7.0,0.39,526.0,0.02,0.01,14.55,13.66,53.63,13.81
Consaca,2026-06-18 11:56:00,39.43,0.36,2480.0,13.89,1.57,100.0,24.75,7.0,0.34,502.0,0.02,0.01,14.55,13.66,53.63,13.91
Consaca,2026-06-18 12:07:49,38.84,0.29,1115.0,13.73,0.84,98.0,24.9,7.0,0.36,522.0,0.02,0.01,14.55,13.66,53.63,13.76
Consaca,2026-06-18 12:19:30,38.1,0.35,1364.0,13.78,0.97,98.0,25.07,7.0,0.37,646.0,0.02,0.01,14.55,13.66,53.63,13.8
Consaca,2026-06-18 12:31:26,38.21,0.35,1357.0,13.88,1.0,100.0,25.26,7.0,0.4,443.0,0.02,0.01,14.55,13.66,53.63,13.86
Consaca,2026-06-18 12:43:08,39.87,0.24,976.0,13.73,0.68,97.0,25.47,7.0,0.39,633.0,0.03,0.01,14.55,13.66,53.64,13.73
Consaca,2026-06-18 12:54:59,38.54,0.23,932.0,13.74,0.68,97.0,25.7,7.0,0.34,521.0,0.03,0.01,14.55,13.66,53.64,13.73
Consaca,2026-06-18 13:06:44,35.21,0.21,791.0,13.65,0.58,95.0,25.92,7.0,0.36,560.0,0.03,0.01,14.55,13.64,53.64,13.67
Consaca,2026-06-18 13:18:26,35.48,0.24,876.0,13.69,0.61,96.0,26.14,7.0,0.4,533.0,0.03,0.02,14.55,13.64,53.64,13.69
Consaca,2026-06-18 13:30:06,36.98,0.22,782.0,13.72,0.6,97.0,26.39,7.0,0.4,493.0,0.03,0.02,14.55,13.64,53.64,13.72
Consaca,2026-06-18 13:41:52,37.27,0.23,882.0,13.79,0.67,100.0,26.6,7.0,0.41,607.0,0.04,0.02,14.55,13.64,53.65,13.8
Consaca,2026-06-18 13:53:43,38.39,0.21,837.0,13.73,0.65,98.0,26.8,7.0,0.36,562.0,0.04,0.02,14.55,13.64,53.65,13.73
Consaca,2026-06-18 14:05:25,37.41,0.21,795.0,13.71,0.57,97.0,26.99,7.0,0.4,589.0,0.04,0.02,14.55,13.64,53.65,13.71
Consaca,2026-06-18 14:17:19,38.19,0.2,811.0,13.76,0.61,99.0,27.1,7.0,0.4,481.0,0.04,0.02,14.55,13.64,53.65,13.76
Consaca,2026-06-18 14:29:05,38.39,0.2,836.0,13.72,0.61,98.0,27.24,7.0,0.43,507.0,0.04,0.02,14.55,13.64,53.65,13.72
Consaca,2026-06-18 14:40:47,35.87,0.22,811.0,13.76,0.58,99.0,27.34,7.0,0.4,522.0,0.04,0.02,14.55,13.64,53.65,13.76
Consaca,2026-06-18 14:52:32,37.22,0.22,799.0,13.79,0.6,100.0,27.46,7.0,0.37,524.0,0.05,0.02,14.55,13.64,53.66,13.79
Consaca,2026-06-18 15:04:16,38.24,0.19,767.0,13.71,0.56,98.0,27.54,7.0,0.39,562.0,0.05,0.02,14.55,13.64,53.66,13.71
Consaca,2026-06-18 15:15:58,37.82,0.19,754.0,13.71,0.57,98.0,27.62,7.0,0.43,562.0,0.05,0.03,14.55,13.64,53.66,13.71
Consaca,2026-06-18 15:27:46,38.16,0.2,783.0,13.75,0.56,99.0,27.69,7.0,0.32,564.0,0.05,0.03,14.55,13.64,53.66,13.75
Consaca,2026-06-18 15:39:52,38.28,0.2,814.0,13.81,0.58,100.0,27.75,7.0,0.34,414.0,0.05,0.03,14.55,13.64,53.66,13.8
Consaca,2026-06-18 15:51:33,36.94,0.19,757.0,13.77,0.58,100.0,27.81,7.0,0.46,481.0,0.05,0.03,14.55,13.64,53.66,13.75
Consaca,2026-06-18 16:03:19,35.4,0.19,739.0,13.7,0.51,98.0,27.86,7.0,0.35,492.0,0.05,0.03,14.55,13.64,53.66,13.68
Consaca,2026-06-18 16:15:08,34.77,0.19,656.0,13.68,0.5,97.0,27.9,7.0,0.36,519.0,0.06,0.03,14.55,13.64,53.67,13.68
Consaca,2026-06-18 16:27:32,37.77,0.19,744.0,13.78,0.53,100.0,27.91,7.0,0.35,537.0,0.06,0.03,14.55,13.63,53.67,13.77
Consaca,2026-06-18 16:39:22,36.47,0.19,685.0,13.7,0.54,98.0,27.97,7.0,0.37,521.0,0.06,0.03,14.55,13.63,53.67,13.72
Consaca,2026-06-18 16:50:59,36.84,0.19,700.0,13.74,0.5,99.0,27.98,7.0,0.38,549.0,0.06,0.03,14.55,13.63,53.67,13.74
Consaca,2026-06-18 17:02:41,36.75,0.19,715.0,13.75,0.5,100.0,27.99,7.0,0.36,481.0,0.06,0.04,14.55,13.63,53.67,13.75
Consaca,2026-06-18 17:14:21,34.7,0.16,601.0,13.68,0.42,97.0,28.0,7.0,0.47,601.0,0.06,0.04,14.55,13.63,53.67,13.65
Consaca,2026-06-18 17:26:01,32.58,0.2,628.0,13.66,0.45,96.0,27.99,7.0,0.39,532.0,0.06,0.04,14.55,13.63,53.67,13.66
Consaca,2026-06-18 17:38:04,14.59,0.06,93.0,13.34,0.05,84.0,27.92,7.0,0.39,546.0,0.06,0.04,14.55,13.31,53.67,13.34
Consaca,2026-06-18 17:49:47,14.25,0.0,0.0,13.12,0.0,76.0,27.8,7.0,0.4,472.0,0.06,0.04,14.55,13.09,53.67,13.12
Consaca,2026-06-18 18:01:29,14.08,0.0,0.0,13.04,0.0,72.0,27.67,11.0,0.43,430.0,0.06,0.04,14.55,13.03,53.67,13.04
Consaca,2026-06-18 18:13:08,12.93,0.0,0.0,13.03,0.0,72.0,27.52,1.0,0.46,547.0,0.06,0.04,14.55,13.01,53.67,13.03
Consaca,2026-06-18 18:24:52,7.48,0.0,0.0,13.02,0.0,71.0,27.39,1.0,0.33,520.0,0.06,0.04,14.55,13.0,53.67,13.02
Consaca,2026-06-18 18:36:44,1.05,0.0,0.0,12.95,0.0,69.0,27.28,1.0,0.79,1113.0,0.06,0.04,14.55,12.95,53.67,12.95
Consaca,2026-06-18 18:48:27,0.0,0.0,0.0,12.95,0.0,69.0,27.21,1.0,0.84,1023.0,0.06,0.05,14.55,12.95,53.67,12.95
Consaca,2026-06-18 19:00:03,,,0.0,,,,,,,,,,14.55,12.95,53.67,
Consaca,2026-06-18 19:14:17,0.0,0.0,0.0,12.94,0.0,68.0,27.06,1.0,0.77,1048.0,0.06,0.05,14.55,12.92,53.67,12.94
Consaca,2026-06-18 19:26:04,0.0,0.0,0.0,12.94,0.0,68.0,27.0,1.0,0.75,970.0,0.06,0.05,14.55,12.92,53.67,12.94
Consaca,2026-06-18 19:37:54,0.0,0.0,0.0,12.93,0.0,68.0,26.93,1.0,0.84,1034.0,0.06,0.05,14.55,12.92,53.67,12.93
Consaca,2026-06-18 19:49:44,0.0,0.0,0.0,12.94,0.0,68.0,26.85,1.0,0.84,1022.0,0.06,0.06,14.55,12.92,53.67,12.94
Consaca,2026-06-18 20:01:23,0.0,,0.0,12.94,0.0,68.0,26.79,1.0,0.76,1035.0,0.06,0.06,14.55,12.92,53.67,12.94
Consaca,2026-06-18 20:13:18,0.0,0.0,0.0,12.94,0.0,68.0,26.72,1.0,0.83,1022.0,0.06,0.06,14.55,12.92,53.67,12.94
Consaca,2026-06-18 20:24:56,0.0,0.0,0.0,12.94,0.0,68.0,26.64,1.0,0.8,1035.0,0.06,0.06,14.55,12.92,53.67,12.94
Consaca,2026-06-18 20:36:42,0.0,0.0,0.0,12.92,0.0,67.0,26.58,1.0,0.83,1033.0,0.06,0.06,14.55,12.92,53.67,12.92
Consaca,2026-06-18 20:48:21,0.0,0.0,0.0,12.92,0.0,67.0,26.51,1.0,0.82,1085.0,0.06,0.07,14.55,12.92,53.67,12.92
Consaca,2026-06-18 21:12:18,0.0,0.0,0.0,12.92,0.0,67.0,26.37,1.0,0.81,1111.0,0.06,0.07,14.55,12.92,53.67,12.92
Consaca,2026-06-18 21:24:05,0.0,0.0,0.0,12.92,0.0,67.0,26.31,1.0,0.76,1072.0,0.06,0.07,14.55,12.9,53.67,12.92
Consaca,2026-06-18 21:35:49,0.0,0.0,0.0,12.92,0.0,67.0,26.23,1.0,0.82,1072.0,0.06,0.07,14.55,12.9,53.67,12.92
Consaca,2026-06-18 21:47:28,0.0,0.0,0.0,12.92,0.0,67.0,26.17,1.0,0.83,1007.0,0.06,0.08,14.55,12.89,53.67,12.92
Consaca,2026-06-18 21:59:10,0.0,0.0,0.0,12.91,0.0,67.0,26.1,1.0,0.82,1084.0,0.06,0.08,14.55,12.89,53.67,12.91
Consaca,2026-06-18 22:11:27,0.0,0.0,0.0,12.91,0.0,67.0,26.03,1.0,0.84,1019.0,0.06,0.08,14.55,12.89,53.67,12.91
Consaca,2026-06-18 22:23:11,0.0,0.0,0.0,12.91,0.0,67.0,25.95,1.0,0.77,1084.0,0.06,0.08,14.55,12.88,53.67,12.91
Consaca,2026-06-18 22:34:48,0.0,0.0,0.0,12.9,0.0,66.0,25.88,1.0,0.78,1096.0,0.06,0.08,14.55,12.88,53.67,12.9
Consaca,2026-06-18 22:46:28,0.0,0.0,0.0,12.9,0.0,66.0,25.83,1.0,0.78,1083.0,0.06,0.09,14.55,12.88,53.67,12.9
Consaca,2026-06-18 22:58:06,0.0,0.0,0.0,12.89,0.0,66.0,25.75,1.0,0.74,1082.0,0.06,0.09,14.55,12.87,53.67,12.89
Consaca,2026-06-18 23:09:51,0.0,0.0,0.0,12.89,0.0,66.0,25.67,1.0,0.88,1056.0,0.06,0.09,14.55,12.87,53.67,12.89
Consaca,2026-06-18 23:21:34,0.0,0.0,0.0,12.89,0.0,66.0,25.61,1.0,0.79,966.0,0.06,0.09,14.55,12.87,53.67,12.89
Consaca,2026-06-18 23:33:14,0.0,0.0,0.0,12.88,0.0,65.0,25.53,1.0,0.81,1081.0,0.06,0.09,14.55,12.86,53.67,12.88
Consaca,2026-06-18 23:44:52,0.0,0.0,0.0,12.88,0.0,65.0,25.46,1.0,0.75,1081.0,0.06,0.1,14.55,12.86,53.67,12.88
Consaca,2026-06-18 23:56:34,0.0,0.0,0.0,12.87,0.0,65.0,25.39,1.0,0.84,1081.0,0.06,0.1,14.55,12.85,53.67,12.87
Consaca,2026-06-19 00:08:14,0.0,0.0,0.0,12.87,0.0,65.0,25.33,1.0,0.73,965.0,0.06,0.1,14.55,12.84,53.67,12.87
Consaca,2026-06-19 00:20:09,0.0,0.0,0.0,12.87,0.0,65.0,25.26,1.0,0.82,978.0,0.06,0.1,14.55,12.84,53.67,12.87
Consaca,2026-06-19 00:31:47,0.0,0.0,0.0,12.86,0.0,65.0,25.19,1.0,0.8,1093.0,0.06,0.1,14.55,12.84,53.67,12.86
Consaca,2026-06-19 00:43:28,0.0,0.0,0.0,12.86,0.0,65.0,25.12,1.0,0.79,1054.0,0.06,0.11,14.55,12.83,53.67,12.86
Consaca,2026-06-19 00:55:05,0.0,0.0,0.0,12.85,0.0,64.0,25.06,1.0,0.86,1040.0,0.06,0.11,14.55,12.83,53.67,12.85
Consaca,2026-06-19 01:06:47,0.0,0.0,0.0,12.85,0.0,64.0,25.0,1.0,0.83,1105.0,0.06,0.11,14.55,12.83,53.67,12.85
Consaca,2026-06-19 01:18:28,0.0,0.0,0.0,12.83,0.0,64.0,24.93,1.0,0.84,1015.0,0.06,0.11,14.55,12.82,53.67,12.85
Consaca,2026-06-19 01:30:09,0.0,0.0,0.0,12.84,0.0,64.0,24.87,1.0,0.84,1078.0,0.06,0.11,14.55,12.82,53.67,12.84
Consaca,2026-06-19 01:41:48,0.0,0.0,0.0,12.83,0.0,64.0,24.8,1.0,0.87,1052.0,0.06,0.12,14.55,12.81,53.67,12.83
Consaca,2026-06-19 01:53:36,0.0,0.0,0.0,12.83,0.0,64.0,24.73,1.0,0.86,1064.0,0.06,0.12,14.55,12.8,53.67,12.83
Consaca,2026-06-19 02:05:19,0.0,0.0,0.0,12.82,0.0,63.0,24.65,1.0,0.79,1012.0,0.06,0.12,14.55,12.8,53.67,12.82
Consaca,2026-06-19 02:17:04,0.0,0.0,0.0,12.82,0.0,63.0,24.58,1.0,0.8,1025.0,0.06,0.12,14.55,12.8,53.67,12.82
Consaca,2026-06-19 02:28:50,0.0,0.0,0.0,12.81,0.0,63.0,24.51,1.0,0.76,1050.0,0.06,0.12,14.55,12.79,53.67,12.81
Consaca,2026-06-19 02:40:27,0.0,0.0,0.0,12.81,0.0,63.0,24.43,1.0,0.83,1050.0,0.06,0.13,14.55,12.79,53.67,12.81
Consaca,2026-06-19 02:52:05,0.0,0.0,0.0,12.81,0.0,63.0,24.35,1.0,0.82,1063.0,0.06,0.13,14.55,12.78,53.67,12.81
Consaca,2026-06-19 03:03:44,0.0,0.0,0.0,12.8,0.0,62.0,24.27,1.0,0.79,1049.0,0.06,0.13,14.55,12.78,53.67,12.8
Consaca,2026-06-19 03:15:19,0.0,0.0,0.0,12.79,0.0,62.0,24.2,1.0,0.78,933.0,0.06,0.13,14.55,12.77,53.67,12.79
Consaca,2026-06-19 03:26:59,0.0,0.0,0.0,12.79,0.0,62.0,24.13,1.0,0.86,984.0,0.06,0.13,14.55,12.77,53.67,12.79
Consaca,2026-06-19 03:38:44,0.0,0.0,0.0,12.78,0.0,61.0,24.06,1.0,0.8,1009.0,0.06,0.14,14.55,12.76,53.67,12.78
Consaca,2026-06-19 03:50:24,0.0,0.0,0.0,12.78,0.0,61.0,24.01,1.0,0.74,1099.0,0.06,0.14,14.55,12.76,53.67,12.78
Consaca,2026-06-19 04:02:07,0.0,0.0,0.0,12.76,0.0,61.0,23.91,1.0,0.85,982.0,0.06,0.14,14.55,12.76,53.67,12.76
Consaca,2026-06-19 04:13:51,0.0,0.0,0.0,12.76,0.0,61.0,23.85,1.0,0.82,1059.0,0.06,0.14,14.55,12.73,53.67,12.76
Consaca,2026-06-19 04:25:27,0.0,0.0,0.0,12.76,0.0,61.0,23.79,1.0,0.78,1033.0,0.06,0.14,14.55,12.73,53.67,12.76
Consaca,2026-06-19 04:37:12,0.0,0.0,0.0,12.75,0.0,60.0,23.71,1.0,0.95,1109.0,0.06,0.15,14.55,12.73,53.67,12.75
Consaca,2026-06-19 04:48:56,0.0,0.0,0.0,12.74,0.0,60.0,23.63,1.0,0.86,1044.0,0.06,0.15,14.55,12.72,53.67,12.74
Consaca,2026-06-19 05:00:43,0.0,0.0,0.0,12.71,0.0,59.0,23.56,1.0,0.82,1042.0,0.06,0.15,14.55,12.71,53.67,12.71
Consaca,2026-06-19 05:12:20,0.0,0.0,0.0,12.72,0.0,59.0,23.49,1.0,0.87,1068.0,0.06,0.15,14.55,12.71,53.67,12.72
Consaca,2026-06-19 05:24:21,0.0,0.0,0.0,12.72,0.0,59.0,23.42,1.0,0.79,1081.0,0.06,0.15,14.55,12.71,53.67,12.72
Consaca,2026-06-19 05:35:58,0.13,0.0,0.0,12.71,0.0,59.0,23.35,1.0,0.78,1080.0,0.06,0.16,14.55,12.7,53.67,12.71
Consaca,2026-06-19 05:47:42,2.87,0.0,0.0,12.74,0.0,60.0,23.29,1.0,0.36,471.0,0.06,0.16,14.55,12.7,53.67,12.74
Consaca,2026-06-19 05:59:32,12.62,0.0,0.0,12.76,0.0,60.0,23.2,1.0,0.41,547.0,0.06,0.16,14.55,12.7,53.67,12.76
Consaca,2026-06-19 06:11:43,14.7,0.0,0.0,12.76,0.0,60.0,23.08,11.0,0.34,496.0,0.06,0.16,14.55,12.7,53.67,12.76
Consaca,2026-06-19 06:23:24,13.91,0.01,0.0,12.76,0.0,60.0,23.08,11.0,0.46,535.0,0.06,0.16,14.55,12.7,53.67,12.76
Consaca,2026-06-19 06:35:05,13.95,0.0,25.0,12.78,0.0,60.0,23.04,11.0,0.44,484.0,0.06,0.16,14.55,12.7,53.67,12.75
Consaca,2026-06-19 06:46:55,13.99,0.01,63.0,12.77,0.06,61.0,23.01,11.0,0.4,574.0,0.06,0.16,14.55,12.7,53.67,12.77
Consaca,2026-06-19 06:58:46,14.02,0.06,102.0,12.77,0.05,61.0,22.96,11.0,0.35,574.0,0.06,0.16,14.55,12.7,53.67,12.75
Consaca,2026-06-19 07:11:01,14.16,0.29,371.0,12.8,0.33,62.0,22.91,11.0,0.38,499.0,0.07,0.16,14.55,12.7,53.68,12.8
Consaca,2026-06-19 07:22:48,14.39,0.65,959.0,12.97,0.75,68.0,22.98,11.0,0.39,531.0,0.07,0.17,14.55,12.7,53.68,12.97
Consaca,2026-06-19 07:34:30,14.6,0.84,1236.0,13.15,0.95,75.0,23.1,11.0,0.42,512.0,0.07,0.17,14.55,12.7,53.68,13.15
Consaca,2026-06-19 07:46:05,36.39,1.69,6119.0,13.69,4.44,94.0,23.12,11.0,0.35,452.0,0.07,0.17,14.55,12.7,53.68,13.7
Consaca,2026-06-19 07:57:51,34.63,1.85,6457.0,13.74,4.69,96.0,23.83,11.0,0.4,521.0,0.09,0.17,14.55,12.7,53.7,13.73
Consaca,2026-06-19 08:09:50,33.47,2.9,9799.0,14.05,6.93,100.0,24.44,11.0,0.41,562.0,0.1,0.17,14.55,12.7,53.71,14.06
Consaca,2026-06-19 08:21:32,30.58,1.52,4664.0,13.7,3.39,95.0,24.45,11.0,0.37,520.0,0.11,0.17,14.55,12.7,53.72,13.7
Consaca,2026-06-19 08:33:09,30.12,1.66,4981.0,13.76,3.66,98.0,24.18,11.0,0.35,495.0,0.12,0.17,14.55,12.7,53.73,13.75
Consaca,2026-06-19 08:44:52,38.11,1.97,7479.0,14.47,5.17,100.0,24.12,11.0,0.4,549.0,0.14,0.17,15.08,12.7,53.75,14.47
Consaca,2026-06-19 08:57:04,38.41,1.61,6141.0,14.44,4.28,100.0,24.3,11.0,0.41,578.0,0.15,0.17,15.08,12.7,53.76,14.45
Consaca,2026-06-19 09:09:26,38.62,1.33,5155.0,14.46,3.57,100.0,24.36,11.0,0.37,578.0,0.16,0.17,15.08,12.7,53.77,14.45
Consaca,2026-06-19 09:21:16,38.92,1.13,4404.0,14.41,3.05,100.0,24.39,11.0,0.34,562.0,0.17,0.18,15.08,12.7,53.78,14.42
Consaca,2026-06-19 09:32:56,39.04,0.97,3821.0,14.42,2.66,100.0,24.44,11.0,0.36,578.0,0.18,0.18,15.08,12.7,53.79,14.45
Consaca,2026-06-19 09:44:42,39.17,0.86,3403.0,14.42,2.35,100.0,24.56,11.0,0.35,634.0,0.19,0.18,15.08,12.7,53.8,14.4
Consaca,2026-06-19 09:56:47,39.11,0.77,2982.0,14.39,2.07,100.0,24.61,11.0,0.33,576.0,0.19,0.18,15.08,12.7,53.8,14.4
Consaca,2026-06-19 10:08:42,33.58,0.8,2727.0,14.43,1.86,,24.98,11.0,0.38,579.0,0.2,0.18,15.08,12.7,53.81,14.49
Consaca,2026-06-19 10:20:42,38.46,0.61,2377.0,14.31,1.74,100.0,25.28,11.0,0.42,616.0,0.2,0.18,15.08,12.7,53.81,14.33
Consaca,2026-06-19 10:32:24,39.27,0.56,2281.0,14.44,1.58,100.0,25.54,11.0,0.4,534.0,0.21,0.18,15.08,12.7,53.82,14.44
Consaca,2026-06-19 10:44:07,38.1,0.52,2002.0,13.81,1.44,100.0,25.68,7.0,0.35,524.0,0.21,0.18,15.08,12.7,53.82,13.81
Consaca,2026-06-19 10:55:48,38.28,0.32,1248.0,13.72,0.9,97.0,25.84,7.0,0.34,494.0,0.21,0.18,15.08,12.7,53.82,13.71
Consaca,2026-06-19 11:07:36,39.64,0.31,1210.0,13.74,0.92,97.0,25.98,7.0,0.35,508.0,0.01,0.0,13.92,13.67,53.83,13.74
Consaca,2026-06-19 11:19:25,40.31,0.21,919.0,13.73,0.63,98.0,26.17,7.0,0.39,549.0,0.01,0.01,13.95,13.67,53.83,13.73
Consaca,2026-06-19 11:42:50,37.21,0.31,1141.0,13.75,0.9,98.0,26.48,7.0,0.38,495.0,0.01,0.01,14.14,13.64,53.83,13.75
Consaca,2026-06-19 11:54:53,39.7,0.22,921.0,13.75,0.65,100.0,26.69,7.0,0.38,481.0,0.02,0.01,14.14,13.64,53.84,13.75
Consaca,2026-06-19 12:06:40,37.68,0.32,1227.0,13.81,0.88,100.0,26.87,7.0,0.43,537.0,0.02,0.01,14.14,13.64,53.84,13.81
Consaca,2026-06-19 12:18:23,37.15,0.41,1533.0,13.71,1.13,96.0,27.12,7.0,0.36,575.0,0.02,0.01,14.14,13.64,53.84,13.72
Consaca,2026-06-19 12:30:05,38.07,0.2,795.0,13.72,0.57,97.0,27.33,7.0,0.33,465.0,0.02,0.01,14.14,13.63,53.84,13.69
Consaca,2026-06-19 12:41:48,40.13,0.21,861.0,13.68,0.62,96.0,27.59,7.0,0.38,574.0,0.02,0.01,14.14,13.61,53.84,13.68
Consaca,2026-06-19 12:53:35,38.37,0.23,848.0,13.68,0.67,97.0,27.83,7.0,0.41,506.0,0.03,0.01,14.14,13.61,53.85,13.68
Consaca,2026-06-19 13:05:22,37.75,0.25,990.0,13.76,0.75,100.0,28.03,7.0,0.42,550.0,0.03,0.01,14.14,13.61,53.85,13.77
Consaca,2026-06-19 13:17:04,38.73,0.21,821.0,13.69,0.6,97.0,28.25,7.0,0.39,520.0,0.03,0.02,14.14,13.61,53.85,13.66
Consaca,2026-06-19 13:28:51,38.36,0.22,836.0,13.72,0.62,99.0,28.44,7.0,0.37,452.0,0.03,0.02,14.14,13.61,53.85,13.72
Consaca,2026-06-19 13:40:38,37.9,0.21,820.0,13.68,0.62,97.0,28.65,7.0,0.39,588.0,0.03,0.02,14.14,13.61,53.85,13.68
Consaca,2026-06-19 13:52:17,37.88,0.21,861.0,13.67,0.59,97.0,28.82,7.0,0.43,505.0,0.03,0.02,14.14,13.61,53.85,13.67
Consaca,2026-06-19 14:04:03,38.01,0.21,823.0,13.72,0.59,99.0,28.97,7.0,0.38,576.0,0.04,0.02,14.14,13.61,53.86,13.72
Consaca,2026-06-19 14:15:45,38.09,0.21,823.0,13.73,0.59,100.0,29.1,7.0,0.39,576.0,0.04,0.02,14.14,13.61,53.86,13.73
Consaca,2026-06-19 14:27:33,35.48,0.21,764.0,13.66,0.53,97.0,29.22,7.0,0.38,450.0,0.04,0.02,14.14,13.61,53.86,13.66
Consaca,2026-06-19 14:39:17,37.11,0.21,726.0,13.7,0.56,98.0,29.32,7.0,0.41,548.0,0.04,0.02,14.14,13.61,53.86,13.7
Consaca,2026-06-19 14:51:03,35.24,0.2,791.0,13.64,0.53,96.0,29.42,7.0,0.36,545.0,0.04,0.02,14.14,13.61,53.86,13.64
Consaca,2026-06-19 15:02:51,39.62,0.19,759.0,13.8,0.56,100.0,29.47,7.0,0.38,579.0,0.04,0.02,14.14,13.61,53.86,13.8
Consaca,2026-06-19 15:14:37,38.12,0.19,739.0,13.69,0.55,98.0,29.55,7.0,0.39,548.0,0.04,0.03,14.14,13.6,53.86,13.71
Consaca,2026-06-19 15:26:26,36.33,0.21,723.0,13.66,0.54,97.0,29.59,7.0,0.42,532.0,0.05,0.03,14.14,13.6,53.87,13.66
Consaca,2026-06-19 15:38:10,35.25,0.2,711.0,13.69,0.51,98.0,29.63,7.0,0.42,533.0,0.05,0.03,14.14,13.6,53.87,13.69
Consaca,2026-06-19 15:50:30,38.57,0.19,752.0,13.68,0.56,98.0,29.68,7.0,0.36,493.0,0.05,0.03,14.14,13.6,53.87,13.7
Consaca,2026-06-19 16:02:20,38.27,0.21,784.0,13.76,0.56,100.0,29.7,7.0,0.29,454.0,0.05,0.03,14.14,13.6,53.87,13.75
Consaca,2026-06-19 16:14:06,35.63,0.18,684.0,13.69,0.49,98.0,29.72,7.0,0.45,588.0,0.05,0.03,14.14,13.6,53.87,13.69
Consaca,2026-06-19 16:25:51,38.05,0.19,756.0,13.76,0.55,100.0,29.75,7.0,0.33,577.0,0.05,0.03,14.14,13.6,53.87,13.76
Consaca,2026-06-19 16:37:34,37.07,0.19,740.0,13.72,0.51,100.0,29.73,7.0,0.39,494.0,0.05,0.03,14.14,13.6,53.87,13.72
Consaca,2026-06-19 16:49:47,36.57,0.19,657.0,13.69,,,29.76,7.0,0.43,547.0,0.06,0.03,14.14,13.6,53.88,13.69
Consaca,2026-06-19 17:13:27,14.8,0.23,348.0,13.41,0.27,87.0,29.71,7.0,0.41,442.0,0.06,0.04,14.14,13.41,53.88,13.41
Consaca,2026-06-19 17:25:29,14.53,0.1,145.0,13.26,0.11,82.0,29.61,7.0,0.34,503.0,0.06,0.04,14.14,13.24,53.88,13.26
Consaca,2026-06-19 17:37:10,14.3,0.01,0.0,13.11,0.01,76.0,29.48,7.0,0.42,616.0,0.06,0.04,14.14,13.08,53.88,13.11
Consaca,2026-06-19 17:48:58,14.23,0.0,0.0,13.06,0.0,74.0,29.35,11.0,0.44,561.0,0.06,0.04,14.14,13.03,53.88,13.06
Consaca,2026-06-19 18:00:43,14.18,0.0,0.0,13.03,0.0,73.0,29.28,11.0,0.46,494.0,0.06,0.04,14.14,13.01,53.88,13.02
Consaca,2026-06-19 18:12:29,15.18,0.0,0.0,13.02,0.0,72.0,29.17,11.0,0.32,481.0,0.06,0.04,14.14,12.99,53.88,13.02
Consaca,2026-06-19 18:24:07,8.83,0.0,0.0,13.01,0.0,72.0,29.03,1.0,0.43,520.0,0.06,0.04,14.14,12.99,53.88,13.01
Consaca,2026-06-19 18:35:50,0.93,0.0,0.0,12.96,0.0,70.0,28.89,1.0,0.81,1088.0,0.06,0.04,14.14,12.93,53.88,12.96
Consaca,2026-06-19 18:47:40,0.0,0.0,0.0,12.94,0.0,69.0,28.79,1.0,0.76,1099.0,0.06,0.04,14.14,12.93,53.88,12.94
Consaca,2026-06-19 18:59:28,0.0,0.0,0.0,12.94,0.0,69.0,28.69,1.0,0.84,1048.0,0.06,0.05,14.14,12.93,53.88,12.94
Consaca,2026-06-19 19:12:36,0.0,0.0,0.0,12.94,0.0,69.0,28.6,1.0,0.76,1099.0,0.06,0.05,14.14,12.93,53.88,12.94
Consaca,2026-06-19 19:24:17,0.0,0.0,0.0,12.94,0.0,69.0,28.52,1.0,0.77,1061.0,0.06,0.05,14.14,12.93,53.88,12.94
Consaca,2026-06-19 19:36:05,0.0,0.0,0.0,12.94,0.0,69.0,28.43,1.0,0.85,983.0,0.06,0.05,14.14,12.93,53.88,12.94
Consaca,2026-06-19 19:47:48,0.0,0.0,0.0,12.94,0.0,69.0,28.36,1.0,0.85,996.0,0.06,0.06,14.14,12.93,53.88,12.94
Consaca,2026-06-19 19:59:33,0.0,0.0,,,,,,,,,0.06,0.06,14.14,12.92,53.88,
Consaca,2026-06-19 20:12:12,0.0,0.0,0.0,12.94,0.0,69.0,28.18,1.0,0.79,1074.0,0.06,0.06,14.14,12.92,53.88,12.94
Consaca,2026-06-19 20:23:50,0.0,0.0,0.0,12.94,0.0,69.0,28.1,1.0,0.8,996.0,0.06,0.06,14.14,12.91,53.88,12.94
Consaca,2026-06-19 20:35:58,0.0,0.0,0.0,12.94,0.0,69.0,28.01,1.0,0.86,957.0,0.06,0.06,14.14,12.91,53.88,12.94
Consaca,2026-06-19 20:47:48,0.0,0.0,0.0,12.93,0.0,68.0,27.92,1.0,0.77,1021.0,0.06,0.07,14.14,12.91,53.88,12.93
Consaca,2026-06-19 20:59:28,0.0,0.0,0.0,12.93,0.0,68.0,27.83,1.0,0.77,1034.0,0.06,0.07,14.14,12.91,53.88,12.93
Consaca,2026-06-19 21:11:32,0.0,0.0,0.0,12.92,0.0,68.0,27.74,1.0,0.87,1085.0,0.06,0.07,14.14,12.9,53.88,12.92
Consaca,2026-06-19 21:23:18,0.0,0.0,0.0,12.92,0.0,68.0,27.65,1.0,0.78,1059.0,0.06,0.07,14.14,12.9,53.88,12.92
Consaca,2026-06-19 21:34:55,0.0,0.0,0.0,12.91,0.0,67.0,27.55,1.0,0.82,1045.0,0.06,0.07,14.14,12.9,53.88,12.91
Consaca,2026-06-19 21:46:52,0.0,0.0,0.0,12.91,0.0,67.0,27.47,1.0,0.72,1019.0,0.06,0.08,14.14,12.9,53.88,12.91
Consaca,2026-06-19 21:58:55,0.0,0.0,0.0,12.91,0.0,67.0,27.37,1.0,0.85,1006.0,0.06,0.08,14.14,12.9,53.88,12.91
Consaca,2026-06-19 22:11:29,0.0,0.0,0.0,12.91,0.0,67.0,27.28,1.0,0.77,1058.0,0.06,0.08,14.14,12.88,53.88,12.91
Consaca,2026-06-19 22:23:13,0.0,0.0,0.0,12.89,0.0,66.0,27.19,1.0,0.87,981.0,0.06,0.08,14.14,12.88,53.88,12.91
Consaca,2026-06-19 22:34:52,0.0,0.0,0.0,12.9,0.0,67.0,27.12,1.0,0.81,1032.0,0.06,0.08,14.14,12.87,53.88,12.9
Consaca,2026-06-19 22:46:34,0.0,0.0,0.0,12.89,0.0,66.0,27.01,1.0,0.82,1082.0,0.06,0.09,14.14,12.87,53.88,12.89
Consaca,2026-06-19 22:58:21,0.0,0.0,0.0,12.9,0.0,67.0,26.92,1.0,0.74,1070.0,0.06,0.09,14.14,12.86,53.88,12.9
Consaca,2026-06-19 23:10:08,0.0,0.0,0.0,12.88,0.0,66.0,26.85,1.0,0.83,978.0,0.06,0.09,14.14,12.86,53.88,12.88
Consaca,2026-06-19 23:22:08,0.0,0.0,0.0,12.88,0.0,66.0,26.74,1.0,0.8,1030.0,0.06,0.09,14.14,12.86,53.88,12.88
Consaca,2026-06-19 23:34:02,0.0,0.0,0.0,12.88,0.0,66.0,26.65,1.0,0.84,1069.0,0.06,0.09,14.14,12.86,53.88,12.88
Consaca,2026-06-19 23:45:48,0.0,0.0,0.0,12.88,0.0,66.0,26.57,1.0,0.73,1030.0,0.06,0.1,14.14,12.86,53.88,12.88
Consaca,2026-06-20 00:09:33,0.0,0.0,0.0,12.87,0.0,65.0,26.39,1.0,0.86,1029.0,0.06,0.1,14.14,12.85,53.88,12.87
Consaca,2026-06-20 00:21:19,0.0,0.0,0.0,12.87,0.0,65.0,26.31,1.0,0.87,1003.0,0.06,0.1,14.14,12.84,53.88,12.87
Consaca,2026-06-20 00:32:59,0.0,0.0,0.0,12.86,0.0,65.0,26.23,1.0,0.86,1041.0,0.06,0.1,14.14,12.83,53.88,12.86
Consaca,2026-06-20 00:44:47,0.0,0.0,0.0,12.86,,,,,,1041.0,0.06,0.11,14.14,12.83,53.88,
Consaca,2026-06-20 00:57:02,0.0,0.0,0.0,12.85,0.0,65.0,26.05,1.0,0.85,1040.0,0.06,0.11,14.14,12.83,53.88,12.85
Consaca,2026-06-20 01:08:56,0.0,0.0,0.0,12.85,0.0,65.0,25.98,1.0,0.84,1105.0,0.06,0.11,14.14,12.83,53.88,12.85
Consaca,2026-06-20 01:21:00,0.0,0.0,0.0,12.84,0.0,64.0,25.88,1.0,0.77,950.0,0.06,0.11,14.14,12.82,53.88,12.84
Consaca,2026-06-20 01:32:43,0.0,0.0,0.0,12.83,0.0,64.0,25.81,1.0,0.85,1013.0,0.06,0.11,14.14,12.81,53.88,12.83
Consaca,2026-06-20 01:44:23,0.0,0.0,0.0,12.83,0.0,64.0,25.72,1.0,0.84,1013.0,0.06,0.12,14.14,12.81,53.88,12.83
Consaca,2026-06-20 01:56:20,0.0,0.0,0.0,12.81,0.0,63.0,25.64,1.0,0.82,1011.0,0.06,0.12,14.14,12.8,53.88,12.81
Consaca,2026-06-20 02:08:11,0.0,0.0,0.0,12.82,0.0,63.0,25.54,1.0,0.8,1012.0,0.06,0.12,14.14,12.8,53.88,12.82
Consaca,2026-06-20 02:20:07,0.0,0.0,0.0,12.81,0.0,63.0,25.46,1.0,0.8,1024.0,0.06,0.12,14.14,12.79,53.88,12.81
Consaca,2026-06-20 02:31:58,0.0,0.0,0.0,12.81,0.0,63.0,25.36,1.0,0.77,1011.0,0.06,0.12,14.14,12.79,53.88,12.81
Consaca,2026-06-20 02:43:47,0.0,0.0,0.0,12.8,0.0,62.0,25.28,1.0,0.83,1088.0,0.06,0.13,14.14,12.78,53.88,12.8
Consaca,2026-06-20 02:55:27,0.0,0.0,0.0,12.8,0.0,62.0,25.19,1.0,0.81,1049.0,0.06,0.13,14.14,12.77,53.88,12.8
Consaca,2026-06-20 03:07:11,0.0,0.0,0.0,12.79,0.0,62.0,25.1,1.0,0.77,1074.0,0.06,0.13,14.14,12.77,53.88,12.79
Consaca,2026-06-20 03:19:18,0.0,0.0,0.0,12.79,0.0,62.0,25.0,1.0,0.87,1099.0,0.06,0.13,14.14,12.76,53.88,12.76
Consaca,2026-06-20 03:31:10,0.0,0.0,0.0,12.78,0.0,62.0,24.93,1.0,0.79,1086.0,0.06,0.13,14.14,12.75,53.88,12.78
Consaca,2026-06-20 03:42:52,0.0,0.0,0.0,12.77,0.0,61.0,24.84,1.0,0.82,1110.0,0.06,0.14,14.14,12.75,53.88,12.77
Consaca,2026-06-20 03:54:52,0.0,0.0,0.0,12.77,0.0,61.0,24.75,1.0,0.89,1162.0,0.06,0.14,14.14,12.75,53.88,12.77
Consaca,2026-06-20 04:06:39,0.0,0.0,0.0,12.76,0.0,61.0,24.66,1.0,0.78,1033.0,0.06,0.14,14.14,12.74,53.88,12.76
Consaca,2026-06-20 04:18:17,0.0,0.0,0.0,12.76,0.0,61.0,24.56,1.0,0.81,1020.0,0.06,0.14,14.14,12.73,53.88,12.76
Consaca,2026-06-20 04:30:06,0.0,0.0,0.0,12.75,0.0,61.0,24.48,1.0,0.79,1058.0,0.06,0.14,14.14,12.73,53.88,12.75
Consaca,2026-06-20 04:41:49,0.0,0.0,0.0,12.74,0.0,60.0,24.38,1.0,0.87,930.0,0.06,0.15,14.14,12.72,53.88,12.74
Consaca,2026-06-20 04:53:34,0.0,0.0,0.0,12.73,0.0,60.0,24.31,1.0,0.86,980.0,0.06,0.15,14.14,12.71,53.88,12.73
Consaca,2026-06-20 05:05:13,0.0,0.0,0.0,12.73,0.0,60.0,24.22,1.0,0.83,1005.0,0.06,0.15,14.14,12.71,53.88,12.73
Consaca,2026-06-20 05:16:52,0.0,0.0,0.0,12.71,0.0,59.0,24.12,1.0,0.81,1042.0,0.06,0.15,14.14,12.71,53.88,12.71
Consaca,2026-06-20 05:28:36,0.0,0.0,0.0,12.72,0.0,59.0,24.04,1.0,0.82,1106.0,0.06,0.15,14.14,12.7,53.88,12.72
Consaca,2026-06-20 05:40:13,0.12,0.0,0.0,12.71,0.0,59.0,23.96,1.0,0.84,953.0,0.06,0.16,14.14,12.69,53.88,12.71
Consaca,2026-06-20 05:51:50,2.72,0.0,0.0,12.7,0.0,59.0,23.91,1.0,0.85,1054.0,0.06,0.16,14.14,12.68,53.88,12.7
Consaca,2026-06-20 06:03:31,9.48,0.0,0.0,12.75,0.0,60.0,23.81,1.0,0.41,573.0,0.06,0.16,14.14,12.68,53.88,12.75
Consaca,2026-06-20 06:15:10,13.06,0.0,0.0,12.75,0.0,60.0,23.72,1.0,0.4,561.0,0.06,0.16,14.14,12.68,53.88,12.75
Consaca,2026-06-20 06:27:00,13.92,0.0,0.0,12.75,0.0,60.0,23.69,11.0,0.39,548.0,0.06,0.16,14.14,12.68,53.88,12.75
Consaca,2026-06-20 06:38:50,13.99,0.06,89.0,12.77,0.05,60.0,23.66,11.0,0.42,612.0,0.06,0.16,14.14,12.68,53.88,12.75
Consaca,2026-06-20 06:50:35,14.08,0.13,204.0,12.79,0.17,62.0,23.65,11.0,0.43,473.0,0.06,0.16,14.14,12.68,53.88,12.79
Consaca,2026-06-20 07:02:16,14.14,0.19,294.0,12.8,0.21,62.0,23.66,11.0,0.37,550.0,0.06,0.16,14.14,12.68,53.88,12.8
Consaca,2026-06-20 07:13:59,14.17,0.23,320.0,12.82,0.27,63.0,23.62,11.0,0.4,563.0,0.06,0.16,14.14,12.68,53.88,12.8
Consaca,2026-06-20 07:25:48,14.23,0.35,513.0,12.84,0.4,64.0,23.62,11.0,0.43,513.0,0.06,0.17,14.14,12.68,53.88,12.84
Consaca,2026-06-20 07:37:31,14.37,0.64,894.0,12.97,0.72,68.0,23.66,11.0,0.42,557.0,0.06,0.17,14.14,12.68,53.88,12.97
Consaca,2026-06-20 07:49:21,14.52,0.75,1138.0,13.09,0.83,73.0,23.71,11.0,0.33,484.0,0.06,0.17,14.14,12.68,53.88,13.09
Consaca,2026-06-20 08:01:20,13.99,0.87,1228.0,13.21,0.95,77.0,23.71,11.0,0.4,554.0,0.07,0.17,14.14,12.68,53.89,13.21
Consaca,2026-06-20 08:13:08,14.06,0.93,1272.0,13.26,0.96,79.0,23.6,11.0,0.39,570.0,0.07,0.17,14.14,12.68,53.89,13.26
Consaca,2026-06-20 08:24:48,32.3,0.7,2264.0,13.4,1.67,84.0,23.64,11.0,0.4,535.0,0.07,0.17,14.14,12.68,53.89,13.41
Consaca,2026-06-20 08:36:30,32.48,0.71,2273.0,13.45,1.68,86.0,23.83,11.0,0.32,589.0,0.08,0.17,14.14,12.68,53.9,13.4
Consaca,2026-06-20 08:48:13,33.44,1.06,3585.0,13.51,2.66,89.0,24.0,11.0,0.43,568.0,0.08,0.17,14.14,12.68,53.9,13.51
Consaca,2026-06-20 09:12:48,30.84,1.52,4753.0,13.68,3.44,97.0,24.84,11.0,0.4,480.0,0.11,0.17,15.58,12.68,53.93,13.72
Consaca,2026-06-20 09:24:34,31.08,1.1,3382.0,13.64,2.51,94.0,24.98,11.0,0.44,545.0,0.13,0.18,15.58,12.68,53.95,13.64
Consaca,2026-06-20 09:36:23,18.71,1.89,3545.0,13.69,2.6,95.0,24.93,11.0,0.33,588.0,0.14,0.18,15.58,12.68,53.96,13.67
Consaca,2026-06-20 09:48:06,37.64,1.61,6024.0,14.31,4.19,100.0,25.22,11.0,0.37,541.0,0.15,0.18,15.58,12.68,53.97,14.29
Consaca,2026-06-20 10:12:12,35.0,1.31,4609.0,14.38,3.2,100.0,25.72,11.0,0.37,604.0,0.17,0.18,15.58,12.68,53.99,14.39
Consaca,2026-06-20 10:23:55,41.97,0.84,3583.0,14.38,2.52,100.0,25.68,11.0,0.37,513.0,0.18,0.18,15.58,12.68,54.0,14.28
Consaca,2026-06-20 10:35:48,40.26,0.78,3228.0,14.35,2.34,100.0,25.73,11.0,0.38,589.0,0.18,0.18,15.58,12.68,54.0,14.35
Consaca,2026-06-20 10:47:45,38.37,0.82,3226.0,14.36,2.26,100.0,25.76,11.0,0.36,532.0,0.19,0.18,15.58,12.68,54.01,14.37
Consaca,2026-06-20 11:12:06,38.72,0.6,2260.0,14.49,1.57,100.0,25.89,11.0,0.35,505.0,0.0,0.01,14.86,13.94,54.02,14.46
